,Original_Index,Fold,Feature_Group,Model,y_true,y_pred,Config_Model
0,8,1,LR,Ridge,1.0,20.663207844850714,LR - Ridge
1,9,1,LR,Ridge,1.0,9.475195895261663,LR - Ridge
2,10,1,LR,Ridge,1.0,-4.924663058754469,LR - Ridge
3,11,1,LR,Ridge,1.0,-14.327495827387537,LR - Ridge
4,12,1,LR,Ridge,15.0,-17.859939555263807,LR - Ridge
5,13,1,LR,Ridge,15.0,18.690419490344386,LR - Ridge
6,14,1,LR,Ridge,30.0,25.986675763667314,LR - Ridge
7,15,1,LR,Ridge,32.0,23.99812587712606,LR - Ridge
8,16,1,LR,Ridge,35.0,63.97980252255807,LR - Ridge
9,17,1,LR,Ridge,40.0,64.70582564163105,LR - Ridge
10,18,1,LR,Ridge,95.0,82.57458566142998,LR - Ridge
11,19,1,LR,Ridge,0.0,-3.113583976031194,LR - Ridge
12,20,1,LR,Ridge,40.0,18.832791756053222,LR - Ridge
13,21,1,LR,Ridge,80.0,55.42309660532378,LR - Ridge
14,42,1,LR,Ridge,1.0,73.89362018338696,LR - Ridge
15,43,1,LR,Ridge,1.0,66.87545686380912,LR - Ridge
16,44,1,LR,Ridge,1.0,71.69520600565173,LR - Ridge
17,45,1,LR,Ridge,2.0,60.83051474704891,LR - Ridge
18,46,1,LR,Ridge,2.0,54.70354510903049,LR - Ridge
19,47,1,LR,Ridge,3.0,20.153482899890967,LR - Ridge
20,48,1,LR,Ridge,10.0,24.084125268938386,LR - Ridge
21,49,1,LR,Ridge,10.0,138.7835182677739,LR - Ridge
22,54,1,LR,Ridge,1.0,-4.802305020696245,LR - Ridge
23,55,1,LR,Ridge,2.0,13.924418066418465,LR - Ridge
24,58,1,LR,Ridge,1.0,25.573261441967198,LR - Ridge
25,59,1,LR,Ridge,1.0,8.464797119419991,LR - Ridge
26,60,1,LR,Ridge,100.0,84.93975560900115,LR - Ridge
27,65,1,LR,Ridge,10.0,18.179476984107296,LR - Ridge
28,85,1,LR,Ridge,3.0,28.05116560583064,LR - Ridge
29,104,1,LR,Ridge,30.0,43.46261924583584,LR - Ridge
30,105,1,LR,Ridge,80.0,76.10297743768068,LR - Ridge
31,106,1,LR,Ridge,1.0,14.581804976760619,LR - Ridge
32,107,1,LR,Ridge,2.0,33.173815783894455,LR - Ridge
33,108,1,LR,Ridge,10.0,21.148802505421273,LR - Ridge
34,110,1,LR,Ridge,20.0,9.386121477403673,LR - Ridge
35,131,1,LR,Ridge,5.0,2.1697198741782984,LR - Ridge
36,133,1,LR,Ridge,60.0,52.89375529759348,LR - Ridge
37,179,1,LR,Ridge,0.0,-4.949242848566648,LR - Ridge
38,180,1,LR,Ridge,0.0,1.278766437020181,LR - Ridge
39,181,1,LR,Ridge,100.0,19.591711615037227,LR - Ridge
40,182,1,LR,Ridge,5.0,20.971038705486848,LR - Ridge
41,183,1,LR,Ridge,25.0,16.958113969382218,LR - Ridge
42,184,1,LR,Ridge,50.0,25.291147238022354,LR - Ridge
43,185,1,LR,Ridge,75.0,58.65019110653046,LR - Ridge
44,186,1,LR,Ridge,80.0,72.09732031559031,LR - Ridge
45,187,1,LR,Ridge,80.0,66.42222458109076,LR - Ridge
46,188,1,LR,Ridge,80.0,89.35056622733873,LR - Ridge
47,189,1,LR,Ridge,80.0,95.8157694189716,LR - Ridge
48,190,1,LR,Ridge,80.0,86.78518700825732,LR - Ridge
49,192,1,LR,Ridge,5.0,-4.538016763342064,LR - Ridge
50,193,1,LR,Ridge,8.0,33.5801552547552,LR - Ridge
51,194,1,LR,Ridge,15.0,17.936599897548223,LR - Ridge
52,195,1,LR,Ridge,60.0,30.529637832355412,LR - Ridge
53,196,1,LR,Ridge,60.0,39.78029091637167,LR - Ridge
54,197,1,LR,Ridge,60.0,50.9714341302159,LR - Ridge
55,198,1,LR,Ridge,80.0,58.248639613777435,LR - Ridge
56,223,1,LR,Ridge,100.0,75.10947633832025,LR - Ridge
57,237,1,LR,Ridge,5.0,28.81848144468524,LR - Ridge
58,238,1,LR,Ridge,80.0,42.25712596446898,LR - Ridge
59,239,1,LR,Ridge,100.0,42.45968583544456,LR - Ridge
60,240,1,LR,Ridge,100.0,61.76154154075004,LR - Ridge
61,241,1,LR,Ridge,100.0,75.21399298826015,LR - Ridge
62,242,1,LR,Ridge,100.0,80.24953072361328,LR - Ridge
63,243,1,LR,Ridge,100.0,87.93818314546715,LR - Ridge
64,244,1,LR,Ridge,100.0,75.46121258454704,LR - Ridge
65,245,1,LR,Ridge,100.0,70.89454411876474,LR - Ridge
66,246,1,LR,Ridge,100.0,72.46916390531058,LR - Ridge
67,266,1,LR,Ridge,2.0,6.033510603743636,LR - Ridge
68,267,1,LR,Ridge,60.0,14.865583163544521,LR - Ridge
69,268,1,LR,Ridge,60.0,14.865583163544521,LR - Ridge
70,269,1,LR,Ridge,100.0,32.650512853506655,LR - Ridge
71,270,1,LR,Ridge,100.0,44.524333284080924,LR - Ridge
72,271,1,LR,Ridge,100.0,48.51904695921598,LR - Ridge
73,272,1,LR,Ridge,100.0,57.461058631875275,LR - Ridge
74,273,1,LR,Ridge,100.0,68.04511716510324,LR - Ridge
75,274,1,LR,Ridge,100.0,70.97290599106856,LR - Ridge
76,275,1,LR,Ridge,100.0,65.39680227365525,LR - Ridge
77,276,1,LR,Ridge,100.0,53.80597943111927,LR - Ridge
78,277,1,LR,Ridge,100.0,53.24810992986635,LR - Ridge
79,278,1,LR,Ridge,100.0,47.21380053258898,LR - Ridge
80,279,1,LR,Ridge,100.0,41.02706937689459,LR - Ridge
81,309,1,LR,Ridge,1.0,16.903031914102083,LR - Ridge
82,310,1,LR,Ridge,5.0,20.028892788106315,LR - Ridge
83,311,1,LR,Ridge,50.0,39.98248479541689,LR - Ridge
84,312,1,LR,Ridge,80.0,52.12093332131225,LR - Ridge
85,313,1,LR,Ridge,100.0,73.96635851146087,LR - Ridge
86,348,1,LR,Ridge,0.0,7.281392626601004,LR - Ridge
87,349,1,LR,Ridge,5.0,41.59947919455022,LR - Ridge
88,359,1,LR,Ridge,0.0,6.888605029336322,LR - Ridge
89,360,1,LR,Ridge,1.0,-10.493807637949118,LR - Ridge
90,387,1,LR,Ridge,2.0,-0.10147936774348665,LR - Ridge
91,388,1,LR,Ridge,2.0,-3.4302661939697003,LR - Ridge
92,399,1,LR,Ridge,3.0,7.24647521141668,LR - Ridge
93,400,1,LR,Ridge,3.0,-16.569716023984313,LR - Ridge
94,401,1,LR,Ridge,3.0,-17.318133975298522,LR - Ridge
95,402,1,LR,Ridge,5.0,-5.492395675040228,LR - Ridge
96,403,1,LR,Ridge,5.0,-2.226443643511203,LR - Ridge
97,404,1,LR,Ridge,50.0,48.14595714871013,LR - Ridge
98,405,1,LR,Ridge,50.0,47.460686653554866,LR - Ridge
99,406,1,LR,Ridge,50.0,40.98797737205868,LR - Ridge
100,407,1,LR,Ridge,70.0,43.41067133967264,LR - Ridge
101,416,1,LR,Ridge,1.0,-4.145497133066229,LR - Ridge
102,417,1,LR,Ridge,1.0,16.289035802525333,LR - Ridge
103,418,1,LR,Ridge,1.0,2.7258406057403164,LR - Ridge
104,8,1,LR,ElasticNet,1.0,21.471618451019687,LR - ElasticNet
105,9,1,LR,ElasticNet,1.0,10.390985533567143,LR - ElasticNet
106,10,1,LR,ElasticNet,1.0,-3.9720048528447336,LR - ElasticNet
107,11,1,LR,ElasticNet,1.0,-12.272801771336347,LR - ElasticNet
108,12,1,LR,ElasticNet,15.0,-15.128195610581926,LR - ElasticNet
109,13,1,LR,ElasticNet,15.0,20.050850947418244,LR - ElasticNet
110,14,1,LR,ElasticNet,30.0,26.31708015522272,LR - ElasticNet
111,15,1,LR,ElasticNet,32.0,25.33886779748097,LR - ElasticNet
112,16,1,LR,ElasticNet,35.0,64.03401636970098,LR - ElasticNet
113,17,1,LR,ElasticNet,40.0,65.21446186288415,LR - ElasticNet
114,18,1,LR,ElasticNet,95.0,82.63837576957206,LR - ElasticNet
115,19,1,LR,ElasticNet,0.0,-0.48210442534511344,LR - ElasticNet
116,20,1,LR,ElasticNet,40.0,18.26735913830747,LR - ElasticNet
117,21,1,LR,ElasticNet,80.0,53.426941244974344,LR - ElasticNet
118,42,1,LR,ElasticNet,1.0,70.91631590338126,LR - ElasticNet
119,43,1,LR,ElasticNet,1.0,63.94433696389217,LR - ElasticNet
120,44,1,LR,ElasticNet,1.0,68.10146088301894,LR - ElasticNet
121,45,1,LR,ElasticNet,2.0,58.069687717080164,LR - ElasticNet
122,46,1,LR,ElasticNet,2.0,52.43613174826194,LR - ElasticNet
123,47,1,LR,ElasticNet,3.0,16.280417983727276,LR - ElasticNet
124,48,1,LR,ElasticNet,10.0,19.786043161729175,LR - ElasticNet
125,49,1,LR,ElasticNet,10.0,132.380329784131,LR - ElasticNet
126,54,1,LR,ElasticNet,1.0,-2.532889685168911,LR - ElasticNet
127,55,1,LR,ElasticNet,2.0,14.754008744772662,LR - ElasticNet
128,58,1,LR,ElasticNet,1.0,25.368251336648285,LR - ElasticNet
129,59,1,LR,ElasticNet,1.0,10.01308324224783,LR - ElasticNet
130,60,1,LR,ElasticNet,100.0,84.12073227457081,LR - ElasticNet
131,65,1,LR,ElasticNet,10.0,19.066004429346084,LR - ElasticNet
132,85,1,LR,ElasticNet,3.0,29.095656154767187,LR - ElasticNet
133,104,1,LR,ElasticNet,30.0,42.259824506429666,LR - ElasticNet
134,105,1,LR,ElasticNet,80.0,74.95741855239234,LR - ElasticNet
135,106,1,LR,ElasticNet,1.0,14.41577988625102,LR - ElasticNet
136,107,1,LR,ElasticNet,2.0,32.32417899024925,LR - ElasticNet
137,108,1,LR,ElasticNet,10.0,21.267024497859175,LR - ElasticNet
138,110,1,LR,ElasticNet,20.0,10.559476791914726,LR - ElasticNet
139,131,1,LR,ElasticNet,5.0,6.0476395515286825,LR - ElasticNet
140,133,1,LR,ElasticNet,60.0,52.520630066231426,LR - ElasticNet
141,179,1,LR,ElasticNet,0.0,-4.369446625191394,LR - ElasticNet
142,180,1,LR,ElasticNet,0.0,1.8505249859722852,LR - ElasticNet
143,181,1,LR,ElasticNet,100.0,19.836442028645177,LR - ElasticNet
144,182,1,LR,ElasticNet,5.0,22.075002681345797,LR - ElasticNet
145,183,1,LR,ElasticNet,25.0,18.364703454576045,LR - ElasticNet
146,184,1,LR,ElasticNet,50.0,26.228763404303777,LR - ElasticNet
147,185,1,LR,ElasticNet,75.0,58.11794497703528,LR - ElasticNet
148,186,1,LR,ElasticNet,80.0,72.03286324211759,LR - ElasticNet
149,187,1,LR,ElasticNet,80.0,67.10135631397299,LR - ElasticNet
150,188,1,LR,ElasticNet,80.0,89.72893069431879,LR - ElasticNet
151,189,1,LR,ElasticNet,80.0,95.41710436755346,LR - ElasticNet
152,190,1,LR,ElasticNet,80.0,86.90291223014512,LR - ElasticNet
153,192,1,LR,ElasticNet,5.0,-4.759481865590523,LR - ElasticNet
154,193,1,LR,ElasticNet,8.0,32.48038400415548,LR - ElasticNet
155,194,1,LR,ElasticNet,15.0,17.50528715560995,LR - ElasticNet
156,195,1,LR,ElasticNet,60.0,29.836463325957887,LR - ElasticNet
157,196,1,LR,ElasticNet,60.0,41.064570756108786,LR - ElasticNet
158,197,1,LR,ElasticNet,60.0,51.46206290085125,LR - ElasticNet
159,198,1,LR,ElasticNet,80.0,58.20867972627277,LR - ElasticNet
160,223,1,LR,ElasticNet,100.0,75.11478621836534,LR - ElasticNet
161,237,1,LR,ElasticNet,5.0,28.9000206532714,LR - ElasticNet
162,238,1,LR,ElasticNet,80.0,42.3054477232235,LR - ElasticNet
163,239,1,LR,ElasticNet,100.0,43.085346788871036,LR - ElasticNet
164,240,1,LR,ElasticNet,100.0,61.03719775520361,LR - ElasticNet
165,241,1,LR,ElasticNet,100.0,74.17913602909209,LR - ElasticNet
166,242,1,LR,ElasticNet,100.0,79.40748217359152,LR - ElasticNet
167,243,1,LR,ElasticNet,100.0,88.04708385666282,LR - ElasticNet
168,244,1,LR,ElasticNet,100.0,75.01433162897916,LR - ElasticNet
169,245,1,LR,ElasticNet,100.0,70.82311802382414,LR - ElasticNet
170,246,1,LR,ElasticNet,100.0,72.79088726730424,LR - ElasticNet
171,266,1,LR,ElasticNet,2.0,6.646828298591281,LR - ElasticNet
172,267,1,LR,ElasticNet,60.0,15.48670474607825,LR - ElasticNet
173,268,1,LR,ElasticNet,60.0,15.48670474607825,LR - ElasticNet
174,269,1,LR,ElasticNet,100.0,32.743181562356945,LR - ElasticNet
175,270,1,LR,ElasticNet,100.0,44.55719335540112,LR - ElasticNet
176,271,1,LR,ElasticNet,100.0,48.60086502226109,LR - ElasticNet
177,272,1,LR,ElasticNet,100.0,57.916314690793726,LR - ElasticNet
178,273,1,LR,ElasticNet,100.0,67.5775203689725,LR - ElasticNet
179,274,1,LR,ElasticNet,100.0,70.68021086848852,LR - ElasticNet
180,275,1,LR,ElasticNet,100.0,65.4357977116492,LR - ElasticNet
181,276,1,LR,ElasticNet,100.0,54.51264418829935,LR - ElasticNet
182,277,1,LR,ElasticNet,100.0,53.58123900077267,LR - ElasticNet
183,278,1,LR,ElasticNet,100.0,47.89026916413435,LR - ElasticNet
184,279,1,LR,ElasticNet,100.0,42.056907453748934,LR - ElasticNet
185,309,1,LR,ElasticNet,1.0,17.452771482809283,LR - ElasticNet
186,310,1,LR,ElasticNet,5.0,20.767125641174847,LR - ElasticNet
187,311,1,LR,ElasticNet,50.0,39.6791075057653,LR - ElasticNet
188,312,1,LR,ElasticNet,80.0,52.58341287769413,LR - ElasticNet
189,313,1,LR,ElasticNet,100.0,74.75718936022722,LR - ElasticNet
190,348,1,LR,ElasticNet,0.0,7.881126914008981,LR - ElasticNet
191,349,1,LR,ElasticNet,5.0,41.74730839331158,LR - ElasticNet
192,359,1,LR,ElasticNet,0.0,7.134738112534691,LR - ElasticNet
193,360,1,LR,ElasticNet,1.0,-9.362153073973644,LR - ElasticNet
194,387,1,LR,ElasticNet,2.0,-0.04473669526258561,LR - ElasticNet
195,388,1,LR,ElasticNet,2.0,-1.2992831810514076,LR - ElasticNet
196,399,1,LR,ElasticNet,3.0,6.612399470107668,LR - ElasticNet
197,400,1,LR,ElasticNet,3.0,-16.095367894603825,LR - ElasticNet
198,401,1,LR,ElasticNet,3.0,-16.45035567424022,LR - ElasticNet
199,402,1,LR,ElasticNet,5.0,-5.346086024969701,LR - ElasticNet
200,403,1,LR,ElasticNet,5.0,-1.6008044692502423,LR - ElasticNet
201,404,1,LR,ElasticNet,50.0,48.312016919591144,LR - ElasticNet
202,405,1,LR,ElasticNet,50.0,47.880247898825296,LR - ElasticNet
203,406,1,LR,ElasticNet,50.0,41.903145784915274,LR - ElasticNet
204,407,1,LR,ElasticNet,70.0,45.016324687825204,LR - ElasticNet
205,416,1,LR,ElasticNet,1.0,-3.869573528479627,LR - ElasticNet
206,417,1,LR,ElasticNet,1.0,16.791749665585368,LR - ElasticNet
207,418,1,LR,ElasticNet,1.0,3.7291393539280193,LR - ElasticNet
208,8,1,LR,BayesianRidge,1.0,21.608218945414208,LR - BayesianRidge
209,9,1,LR,BayesianRidge,1.0,10.772644801498089,LR - BayesianRidge
210,10,1,LR,BayesianRidge,1.0,-3.576021083439997,LR - BayesianRidge
211,11,1,LR,BayesianRidge,1.0,-11.508762882220559,LR - BayesianRidge
212,12,1,LR,BayesianRidge,15.0,-14.043869118035744,LR - BayesianRidge
213,13,1,LR,BayesianRidge,15.0,20.83118836747484,LR - BayesianRidge
214,14,1,LR,BayesianRidge,30.0,26.62618093261186,LR - BayesianRidge
215,15,1,LR,BayesianRidge,32.0,25.918892226461693,LR - BayesianRidge
216,16,1,LR,BayesianRidge,35.0,64.07829951047555,LR - BayesianRidge
217,17,1,LR,BayesianRidge,40.0,65.45825603767705,LR - BayesianRidge
218,18,1,LR,BayesianRidge,95.0,83.33478080481775,LR - BayesianRidge
219,19,1,LR,BayesianRidge,0.0,0.544498786332241,LR - BayesianRidge
220,20,1,LR,BayesianRidge,40.0,18.211143826258837,LR - BayesianRidge
221,21,1,LR,BayesianRidge,80.0,52.712800638494045,LR - BayesianRidge
222,42,1,LR,BayesianRidge,1.0,69.43810751870917,LR - BayesianRidge
223,43,1,LR,BayesianRidge,1.0,62.2849557565588,LR - BayesianRidge
224,44,1,LR,BayesianRidge,1.0,65.959086043599,LR - BayesianRidge
225,45,1,LR,BayesianRidge,2.0,56.16970487952475,LR - BayesianRidge
226,46,1,LR,BayesianRidge,2.0,50.752231547842996,LR - BayesianRidge
227,47,1,LR,BayesianRidge,3.0,15.47111936572719,LR - BayesianRidge
228,48,1,LR,BayesianRidge,10.0,18.41344926245852,LR - BayesianRidge
229,49,1,LR,BayesianRidge,10.0,128.49645446142787,LR - BayesianRidge
230,54,1,LR,BayesianRidge,1.0,-1.4921772612676634,LR - BayesianRidge
231,55,1,LR,BayesianRidge,2.0,15.161558369920513,LR - BayesianRidge
232,58,1,LR,BayesianRidge,1.0,25.31882966665911,LR - BayesianRidge
233,59,1,LR,BayesianRidge,1.0,10.999640550893293,LR - BayesianRidge
234,60,1,LR,BayesianRidge,100.0,84.09182874487655,LR - BayesianRidge
235,65,1,LR,BayesianRidge,10.0,19.583014034391173,LR - BayesianRidge
236,85,1,LR,BayesianRidge,3.0,29.41973314252617,LR - BayesianRidge
237,104,1,LR,BayesianRidge,30.0,41.70005433479289,LR - BayesianRidge
238,105,1,LR,BayesianRidge,80.0,74.73406389175011,LR - BayesianRidge
239,106,1,LR,BayesianRidge,1.0,14.384289470131542,LR - BayesianRidge
240,107,1,LR,BayesianRidge,2.0,32.164303372260925,LR - BayesianRidge
241,108,1,LR,BayesianRidge,10.0,21.341513663992657,LR - BayesianRidge
242,110,1,LR,BayesianRidge,20.0,11.1394372788004,LR - BayesianRidge
243,131,1,LR,BayesianRidge,5.0,7.489389424681626,LR - BayesianRidge
244,133,1,LR,BayesianRidge,60.0,52.69577645283186,LR - BayesianRidge
245,179,1,LR,BayesianRidge,0.0,-3.9777788904704323,LR - BayesianRidge
246,180,1,LR,BayesianRidge,0.0,2.1800706034143005,LR - BayesianRidge
247,181,1,LR,BayesianRidge,100.0,19.98175408715235,LR - BayesianRidge
248,182,1,LR,BayesianRidge,5.0,22.562346842619323,LR - BayesianRidge
249,183,1,LR,BayesianRidge,25.0,18.907645135658317,LR - BayesianRidge
250,184,1,LR,BayesianRidge,50.0,26.75345089464784,LR - BayesianRidge
251,185,1,LR,BayesianRidge,75.0,57.909984184407634,LR - BayesianRidge
252,186,1,LR,BayesianRidge,80.0,71.90509678051477,LR - BayesianRidge
253,187,1,LR,BayesianRidge,80.0,67.16274740954907,LR - BayesianRidge
254,188,1,LR,BayesianRidge,80.0,89.81035061925263,LR - BayesianRidge
255,189,1,LR,BayesianRidge,80.0,95.1424855301053,LR - BayesianRidge
256,190,1,LR,BayesianRidge,80.0,86.92681752122121,LR - BayesianRidge
257,192,1,LR,BayesianRidge,5.0,-4.9346872138090845,LR - BayesianRidge
258,193,1,LR,BayesianRidge,8.0,32.02763757174012,LR - BayesianRidge
259,194,1,LR,BayesianRidge,15.0,17.498922981343288,LR - BayesianRidge
260,195,1,LR,BayesianRidge,60.0,29.475721219923877,LR - BayesianRidge
261,196,1,LR,BayesianRidge,60.0,41.6058488782129,LR - BayesianRidge
262,197,1,LR,BayesianRidge,60.0,51.61024849067087,LR - BayesianRidge
263,198,1,LR,BayesianRidge,80.0,57.969358062904845,LR - BayesianRidge
264,223,1,LR,BayesianRidge,100.0,74.85386779188752,LR - BayesianRidge
265,237,1,LR,BayesianRidge,5.0,28.920469158128203,LR - BayesianRidge
266,238,1,LR,BayesianRidge,80.0,42.25168047924269,LR - BayesianRidge
267,239,1,LR,BayesianRidge,100.0,43.4412785664038,LR - BayesianRidge
268,240,1,LR,BayesianRidge,100.0,60.67717473666248,LR - BayesianRidge
269,241,1,LR,BayesianRidge,100.0,73.65710039899685,LR - BayesianRidge
270,242,1,LR,BayesianRidge,100.0,78.97988559726637,LR - BayesianRidge
271,243,1,LR,BayesianRidge,100.0,88.03958969102968,LR - BayesianRidge
272,244,1,LR,BayesianRidge,100.0,74.87631665437041,LR - BayesianRidge
273,245,1,LR,BayesianRidge,100.0,70.87983485064062,LR - BayesianRidge
274,246,1,LR,BayesianRidge,100.0,72.90075487577633,LR - BayesianRidge
275,266,1,LR,BayesianRidge,2.0,6.8762269179020095,LR - BayesianRidge
276,267,1,LR,BayesianRidge,60.0,15.826885085388025,LR - BayesianRidge
277,268,1,LR,BayesianRidge,60.0,15.826885085388025,LR - BayesianRidge
278,269,1,LR,BayesianRidge,100.0,32.699594135304636,LR - BayesianRidge
279,270,1,LR,BayesianRidge,100.0,44.44040772042561,LR - BayesianRidge
280,271,1,LR,BayesianRidge,100.0,48.52142476486904,LR - BayesianRidge
281,272,1,LR,BayesianRidge,100.0,58.081086392821476,LR - BayesianRidge
282,273,1,LR,BayesianRidge,100.0,67.25845093390507,LR - BayesianRidge
283,274,1,LR,BayesianRidge,100.0,70.44013906056969,LR - BayesianRidge
284,275,1,LR,BayesianRidge,100.0,65.36877989677262,LR - BayesianRidge
285,276,1,LR,BayesianRidge,100.0,54.80811652345368,LR - BayesianRidge
286,277,1,LR,BayesianRidge,100.0,53.74352249959298,LR - BayesianRidge
287,278,1,LR,BayesianRidge,100.0,48.25295862749372,LR - BayesianRidge
288,279,1,LR,BayesianRidge,100.0,42.62837821593937,LR - BayesianRidge
289,309,1,LR,BayesianRidge,1.0,17.840201130355766,LR - BayesianRidge
290,310,1,LR,BayesianRidge,5.0,21.13167102464912,LR - BayesianRidge
291,311,1,LR,BayesianRidge,50.0,39.4870646780457,LR - BayesianRidge
292,312,1,LR,BayesianRidge,80.0,52.714549345298586,LR - BayesianRidge
293,313,1,LR,BayesianRidge,100.0,75.01768047390861,LR - BayesianRidge
294,348,1,LR,BayesianRidge,0.0,8.16948837604943,LR - BayesianRidge
295,349,1,LR,BayesianRidge,5.0,41.944698692398084,LR - BayesianRidge
296,359,1,LR,BayesianRidge,0.0,7.182774579996085,LR - BayesianRidge
297,360,1,LR,BayesianRidge,1.0,-8.659907344000679,LR - BayesianRidge
298,387,1,LR,BayesianRidge,2.0,0.05520981891346821,LR - BayesianRidge
299,388,1,LR,BayesianRidge,2.0,-0.24468046957459677,LR - BayesianRidge
300,399,1,LR,BayesianRidge,3.0,6.252689557889148,LR - BayesianRidge
301,400,1,LR,BayesianRidge,3.0,-15.961539418981367,LR - BayesianRidge
302,401,1,LR,BayesianRidge,3.0,-16.14605859568009,LR - BayesianRidge
303,402,1,LR,BayesianRidge,5.0,-5.396503942894945,LR - BayesianRidge
304,403,1,LR,BayesianRidge,5.0,-1.3377956035839986,LR - BayesianRidge
305,404,1,LR,BayesianRidge,50.0,48.424599776055786,LR - BayesianRidge
306,405,1,LR,BayesianRidge,50.0,48.167954337805824,LR - BayesianRidge
307,406,1,LR,BayesianRidge,50.0,42.38079176320073,LR - BayesianRidge
308,407,1,LR,BayesianRidge,70.0,45.733883597344,LR - BayesianRidge
309,416,1,LR,BayesianRidge,1.0,-3.7871712602460974,LR - BayesianRidge
310,417,1,LR,BayesianRidge,1.0,17.135976685129858,LR - BayesianRidge
311,418,1,LR,BayesianRidge,1.0,4.482198335694463,LR - BayesianRidge
312,8,1,SR,Ridge,1.0,25.61954432173996,SR - Ridge
313,9,1,SR,Ridge,1.0,16.527383137685923,SR - Ridge
314,10,1,SR,Ridge,1.0,4.793570812229177,SR - Ridge
315,11,1,SR,Ridge,1.0,-5.702602235605113,SR - Ridge
316,12,1,SR,Ridge,15.0,-11.47696908823518,SR - Ridge
317,13,1,SR,Ridge,15.0,16.722758627446048,SR - Ridge
318,14,1,SR,Ridge,30.0,32.2939630868643,SR - Ridge
319,15,1,SR,Ridge,32.0,27.456787524882525,SR - Ridge
320,16,1,SR,Ridge,35.0,63.829858814289764,SR - Ridge
321,17,1,SR,Ridge,40.0,69.30823888146747,SR - Ridge
322,18,1,SR,Ridge,95.0,90.33423736827532,SR - Ridge
323,19,1,SR,Ridge,0.0,28.2279625627871,SR - Ridge
324,20,1,SR,Ridge,40.0,9.337844740868473,SR - Ridge
325,21,1,SR,Ridge,80.0,42.559872397951914,SR - Ridge
326,42,1,SR,Ridge,1.0,60.06876262772164,SR - Ridge
327,43,1,SR,Ridge,1.0,39.45648393915842,SR - Ridge
328,44,1,SR,Ridge,1.0,28.47412536415908,SR - Ridge
329,45,1,SR,Ridge,2.0,-13.515944610098586,SR - Ridge
330,46,1,SR,Ridge,2.0,-35.33668612073667,SR - Ridge
331,47,1,SR,Ridge,3.0,-24.986626271180427,SR - Ridge
332,48,1,SR,Ridge,10.0,-43.598807099430005,SR - Ridge
333,49,1,SR,Ridge,10.0,108.37834983945514,SR - Ridge
334,54,1,SR,Ridge,1.0,12.250037223928555,SR - Ridge
335,55,1,SR,Ridge,2.0,11.404216257886763,SR - Ridge
336,58,1,SR,Ridge,1.0,52.03742269687688,SR - Ridge
337,59,1,SR,Ridge,1.0,46.829541066300955,SR - Ridge
338,60,1,SR,Ridge,100.0,88.50235148602113,SR - Ridge
339,65,1,SR,Ridge,10.0,20.45169251379311,SR - Ridge
340,85,1,SR,Ridge,3.0,27.779425887116105,SR - Ridge
341,104,1,SR,Ridge,30.0,39.255440222631,SR - Ridge
342,105,1,SR,Ridge,80.0,68.87187239684106,SR - Ridge
343,106,1,SR,Ridge,1.0,8.3609635266792,SR - Ridge
344,107,1,SR,Ridge,2.0,24.331236323060722,SR - Ridge
345,108,1,SR,Ridge,10.0,19.06323395121218,SR - Ridge
346,110,1,SR,Ridge,20.0,6.874425922968712,SR - Ridge
347,131,1,SR,Ridge,5.0,-22.2439288093301,SR - Ridge
348,133,1,SR,Ridge,60.0,53.72886305257532,SR - Ridge
349,179,1,SR,Ridge,0.0,-5.177011449933218,SR - Ridge
350,180,1,SR,Ridge,0.0,4.838117994243582,SR - Ridge
351,181,1,SR,Ridge,100.0,20.03000807115304,SR - Ridge
352,182,1,SR,Ridge,5.0,23.354193650612842,SR - Ridge
353,183,1,SR,Ridge,25.0,21.254352750538093,SR - Ridge
354,184,1,SR,Ridge,50.0,26.861503167699873,SR - Ridge
355,185,1,SR,Ridge,75.0,58.566958164173265,SR - Ridge
356,186,1,SR,Ridge,80.0,74.95052261233072,SR - Ridge
357,187,1,SR,Ridge,80.0,70.79911712260997,SR - Ridge
358,188,1,SR,Ridge,80.0,82.3725547162328,SR - Ridge
359,189,1,SR,Ridge,80.0,87.79725639408656,SR - Ridge
360,190,1,SR,Ridge,80.0,80.0485959257249,SR - Ridge
361,192,1,SR,Ridge,5.0,-10.539161340699572,SR - Ridge
362,193,1,SR,Ridge,8.0,22.726455478964617,SR - Ridge
363,194,1,SR,Ridge,15.0,17.608787975183624,SR - Ridge
364,195,1,SR,Ridge,60.0,33.97526032410236,SR - Ridge
365,196,1,SR,Ridge,60.0,39.17056714386848,SR - Ridge
366,197,1,SR,Ridge,60.0,59.874992313907526,SR - Ridge
367,198,1,SR,Ridge,80.0,59.132797021783276,SR - Ridge
368,223,1,SR,Ridge,100.0,76.60978662627736,SR - Ridge
369,237,1,SR,Ridge,5.0,25.938712268233367,SR - Ridge
370,238,1,SR,Ridge,80.0,45.192534990714755,SR - Ridge
371,239,1,SR,Ridge,100.0,37.96034672843919,SR - Ridge
372,240,1,SR,Ridge,100.0,63.71411053370875,SR - Ridge
373,241,1,SR,Ridge,100.0,80.23482510549444,SR - Ridge
374,242,1,SR,Ridge,100.0,83.28088492694918,SR - Ridge
375,243,1,SR,Ridge,100.0,91.05088145155196,SR - Ridge
376,244,1,SR,Ridge,100.0,82.83002015099814,SR - Ridge
377,245,1,SR,Ridge,100.0,79.94913872083117,SR - Ridge
378,246,1,SR,Ridge,100.0,82.22645455581682,SR - Ridge
379,266,1,SR,Ridge,2.0,11.502997951351684,SR - Ridge
380,267,1,SR,Ridge,60.0,24.187689957098463,SR - Ridge
381,268,1,SR,Ridge,60.0,24.187689957098463,SR - Ridge
382,269,1,SR,Ridge,100.0,40.10813081534468,SR - Ridge
383,270,1,SR,Ridge,100.0,49.45957271243167,SR - Ridge
384,271,1,SR,Ridge,100.0,54.89774636680462,SR - Ridge
385,272,1,SR,Ridge,100.0,65.96683407194436,SR - Ridge
386,273,1,SR,Ridge,100.0,77.35963805103594,SR - Ridge
387,274,1,SR,Ridge,100.0,80.12539779603192,SR - Ridge
388,275,1,SR,Ridge,100.0,74.7120966307924,SR - Ridge
389,276,1,SR,Ridge,100.0,63.41281889943885,SR - Ridge
390,277,1,SR,Ridge,100.0,61.27527069771182,SR - Ridge
391,278,1,SR,Ridge,100.0,54.88318709236991,SR - Ridge
392,279,1,SR,Ridge,100.0,47.96608632042599,SR - Ridge
393,309,1,SR,Ridge,1.0,18.805180894400742,SR - Ridge
394,310,1,SR,Ridge,5.0,24.397864141925595,SR - Ridge
395,311,1,SR,Ridge,50.0,42.66754688947755,SR - Ridge
396,312,1,SR,Ridge,80.0,58.27154584973381,SR - Ridge
397,313,1,SR,Ridge,100.0,82.84083822982919,SR - Ridge
398,348,1,SR,Ridge,0.0,28.387169099462312,SR - Ridge
399,349,1,SR,Ridge,5.0,59.55197544913372,SR - Ridge
400,359,1,SR,Ridge,0.0,6.894790557307772,SR - Ridge
401,360,1,SR,Ridge,1.0,-4.586883377280799,SR - Ridge
402,387,1,SR,Ridge,2.0,2.4180202118555627,SR - Ridge
403,388,1,SR,Ridge,2.0,15.537420188590357,SR - Ridge
404,399,1,SR,Ridge,3.0,0.5351010669719045,SR - Ridge
405,400,1,SR,Ridge,3.0,-12.089225672274196,SR - Ridge
406,401,1,SR,Ridge,3.0,-14.12896005972567,SR - Ridge
407,402,1,SR,Ridge,5.0,-5.118350113522482,SR - Ridge
408,403,1,SR,Ridge,5.0,-4.060369206743516,SR - Ridge
409,404,1,SR,Ridge,50.0,50.186488056177396,SR - Ridge
410,405,1,SR,Ridge,50.0,50.05422036785281,SR - Ridge
411,406,1,SR,Ridge,50.0,47.57691523527937,SR - Ridge
412,407,1,SR,Ridge,70.0,48.8053176925761,SR - Ridge
413,416,1,SR,Ridge,1.0,-10.297714039825365,SR - Ridge
414,417,1,SR,Ridge,1.0,17.082688066950357,SR - Ridge
415,418,1,SR,Ridge,1.0,4.072207433358976,SR - Ridge
416,8,1,SR,ElasticNet,1.0,26.492354821408902,SR - ElasticNet
417,9,1,SR,ElasticNet,1.0,17.662282509505566,SR - ElasticNet
418,10,1,SR,ElasticNet,1.0,5.558540697663943,SR - ElasticNet
419,11,1,SR,ElasticNet,1.0,-3.943613724157288,SR - ElasticNet
420,12,1,SR,ElasticNet,15.0,-8.879564226879076,SR - ElasticNet
421,13,1,SR,ElasticNet,15.0,17.593706290520714,SR - ElasticNet
422,14,1,SR,ElasticNet,30.0,32.50071659504235,SR - ElasticNet
423,15,1,SR,ElasticNet,32.0,28.814623408416697,SR - ElasticNet
424,16,1,SR,ElasticNet,35.0,64.3503075288049,SR - ElasticNet
425,17,1,SR,ElasticNet,40.0,69.48406816669579,SR - ElasticNet
426,18,1,SR,ElasticNet,95.0,90.82810948526216,SR - ElasticNet
427,19,1,SR,ElasticNet,0.0,27.458757839986724,SR - ElasticNet
428,20,1,SR,ElasticNet,40.0,9.772024320829772,SR - ElasticNet
429,21,1,SR,ElasticNet,80.0,43.89717190113076,SR - ElasticNet
430,42,1,SR,ElasticNet,1.0,58.6964727219507,SR - ElasticNet
431,43,1,SR,ElasticNet,1.0,39.24428956978694,SR - ElasticNet
432,44,1,SR,ElasticNet,1.0,28.57067651864046,SR - ElasticNet
433,45,1,SR,ElasticNet,2.0,-10.831077561174247,SR - ElasticNet
434,46,1,SR,ElasticNet,2.0,-31.609927502862284,SR - ElasticNet
435,47,1,SR,ElasticNet,3.0,-24.512355165754578,SR - ElasticNet
436,48,1,SR,ElasticNet,10.0,-42.218462261769126,SR - ElasticNet
437,49,1,SR,ElasticNet,10.0,107.13969708988353,SR - ElasticNet
438,54,1,SR,ElasticNet,1.0,14.095057901304255,SR - ElasticNet
439,55,1,SR,ElasticNet,2.0,12.041550836882067,SR - ElasticNet
440,58,1,SR,ElasticNet,1.0,51.65921713405059,SR - ElasticNet
441,59,1,SR,ElasticNet,1.0,47.18381303353493,SR - ElasticNet
442,60,1,SR,ElasticNet,100.0,87.24366465362245,SR - ElasticNet
443,65,1,SR,ElasticNet,10.0,21.362797041386628,SR - ElasticNet
444,85,1,SR,ElasticNet,3.0,29.00322813159608,SR - ElasticNet
445,104,1,SR,ElasticNet,30.0,38.146334825104205,SR - ElasticNet
446,105,1,SR,ElasticNet,80.0,68.04310262962031,SR - ElasticNet
447,106,1,SR,ElasticNet,1.0,7.753555323005106,SR - ElasticNet
448,107,1,SR,ElasticNet,2.0,23.693870122303903,SR - ElasticNet
449,108,1,SR,ElasticNet,10.0,19.005593296910696,SR - ElasticNet
450,110,1,SR,ElasticNet,20.0,9.005264631369755,SR - ElasticNet
451,131,1,SR,ElasticNet,5.0,-15.634540746311423,SR - ElasticNet
452,133,1,SR,ElasticNet,60.0,52.418157103313916,SR - ElasticNet
453,179,1,SR,ElasticNet,0.0,-4.17953298159329,SR - ElasticNet
454,180,1,SR,ElasticNet,0.0,5.097180877813933,SR - ElasticNet
455,181,1,SR,ElasticNet,100.0,19.55496539070365,SR - ElasticNet
456,182,1,SR,ElasticNet,5.0,23.44733782929936,SR - ElasticNet
457,183,1,SR,ElasticNet,25.0,21.394061641529785,SR - ElasticNet
458,184,1,SR,ElasticNet,50.0,27.803175251217816,SR - ElasticNet
459,185,1,SR,ElasticNet,75.0,57.82871600831649,SR - ElasticNet
460,186,1,SR,ElasticNet,80.0,74.23208306240053,SR - ElasticNet
461,187,1,SR,ElasticNet,80.0,70.71314485390039,SR - ElasticNet
462,188,1,SR,ElasticNet,80.0,83.17208447325098,SR - ElasticNet
463,189,1,SR,ElasticNet,80.0,87.77592688658666,SR - ElasticNet
464,190,1,SR,ElasticNet,80.0,80.61768959797291,SR - ElasticNet
465,192,1,SR,ElasticNet,5.0,-10.339746237593793,SR - ElasticNet
466,193,1,SR,ElasticNet,8.0,21.209427543494762,SR - ElasticNet
467,194,1,SR,ElasticNet,15.0,16.708989335105045,SR - ElasticNet
468,195,1,SR,ElasticNet,60.0,32.37606762853971,SR - ElasticNet
469,196,1,SR,ElasticNet,60.0,40.01188926743924,SR - ElasticNet
470,197,1,SR,ElasticNet,60.0,59.14104048012567,SR - ElasticNet
471,198,1,SR,ElasticNet,80.0,57.90653409247409,SR - ElasticNet
472,223,1,SR,ElasticNet,100.0,76.12426897632493,SR - ElasticNet
473,237,1,SR,ElasticNet,5.0,26.09211476478079,SR - ElasticNet
474,238,1,SR,ElasticNet,80.0,44.30775117641572,SR - ElasticNet
475,239,1,SR,ElasticNet,100.0,38.94369228706857,SR - ElasticNet
476,240,1,SR,ElasticNet,100.0,62.305314414275486,SR - ElasticNet
477,241,1,SR,ElasticNet,100.0,77.99157047452704,SR - ElasticNet
478,242,1,SR,ElasticNet,100.0,81.51311519083191,SR - ElasticNet
479,243,1,SR,ElasticNet,100.0,90.29999313048225,SR - ElasticNet
480,244,1,SR,ElasticNet,100.0,81.74991680230667,SR - ElasticNet
481,245,1,SR,ElasticNet,100.0,79.1840808156822,SR - ElasticNet
482,246,1,SR,ElasticNet,100.0,81.7565857282224,SR - ElasticNet
483,266,1,SR,ElasticNet,2.0,12.456681651570939,SR - ElasticNet
484,267,1,SR,ElasticNet,60.0,23.926387501063576,SR - ElasticNet
485,268,1,SR,ElasticNet,60.0,23.926387501063576,SR - ElasticNet
486,269,1,SR,ElasticNet,100.0,39.96955061651004,SR - ElasticNet
487,270,1,SR,ElasticNet,100.0,49.43302865151705,SR - ElasticNet
488,271,1,SR,ElasticNet,100.0,54.73159216121793,SR - ElasticNet
489,272,1,SR,ElasticNet,100.0,65.49864891775715,SR - ElasticNet
490,273,1,SR,ElasticNet,100.0,75.83125626304565,SR - ElasticNet
491,274,1,SR,ElasticNet,100.0,78.58675956396934,SR - ElasticNet
492,275,1,SR,ElasticNet,100.0,73.71771101432313,SR - ElasticNet
493,276,1,SR,ElasticNet,100.0,63.427383173299916,SR - ElasticNet
494,277,1,SR,ElasticNet,100.0,61.00670621853002,SR - ElasticNet
495,278,1,SR,ElasticNet,100.0,55.010208976021836,SR - ElasticNet
496,279,1,SR,ElasticNet,100.0,48.48807334940285,SR - ElasticNet
497,309,1,SR,ElasticNet,1.0,19.81048108950388,SR - ElasticNet
498,310,1,SR,ElasticNet,5.0,25.495405573307757,SR - ElasticNet
499,311,1,SR,ElasticNet,50.0,42.487897774657974,SR - ElasticNet
500,312,1,SR,ElasticNet,80.0,58.481043423883285,SR - ElasticNet
501,313,1,SR,ElasticNet,100.0,82.98649403500576,SR - ElasticNet
502,348,1,SR,ElasticNet,0.0,27.910746911248836,SR - ElasticNet
503,349,1,SR,ElasticNet,5.0,57.897951616264606,SR - ElasticNet
504,359,1,SR,ElasticNet,0.0,6.784237815838647,SR - ElasticNet
505,360,1,SR,ElasticNet,1.0,-3.7432349257378874,SR - ElasticNet
506,387,1,SR,ElasticNet,2.0,1.8855154309985664,SR - ElasticNet
507,388,1,SR,ElasticNet,2.0,15.888741636135222,SR - ElasticNet
508,399,1,SR,ElasticNet,3.0,1.292434374631945,SR - ElasticNet
509,400,1,SR,ElasticNet,3.0,-11.919948522637462,SR - ElasticNet
510,401,1,SR,ElasticNet,3.0,-13.280516195890321,SR - ElasticNet
511,402,1,SR,ElasticNet,5.0,-4.836579006666916,SR - ElasticNet
512,403,1,SR,ElasticNet,5.0,-2.7375646734859203,SR - ElasticNet
513,404,1,SR,ElasticNet,50.0,50.43484079271356,SR - ElasticNet
514,405,1,SR,ElasticNet,50.0,50.61631058809829,SR - ElasticNet
515,406,1,SR,ElasticNet,50.0,48.34368972650046,SR - ElasticNet
516,407,1,SR,ElasticNet,70.0,50.2382000575586,SR - ElasticNet
517,416,1,SR,ElasticNet,1.0,-10.444934661525714,SR - ElasticNet
518,417,1,SR,ElasticNet,1.0,16.890190994874203,SR - ElasticNet
519,418,1,SR,ElasticNet,1.0,4.478806522329698,SR - ElasticNet
520,8,1,SR,BayesianRidge,1.0,26.60094726440342,SR - BayesianRidge
521,9,1,SR,BayesianRidge,1.0,17.885126168328483,SR - BayesianRidge
522,10,1,SR,BayesianRidge,1.0,5.853846993502984,SR - BayesianRidge
523,11,1,SR,BayesianRidge,1.0,-3.4293008226920563,SR - BayesianRidge
524,12,1,SR,BayesianRidge,15.0,-8.212390907954408,SR - BayesianRidge
525,13,1,SR,BayesianRidge,15.0,17.897073374974802,SR - BayesianRidge
526,14,1,SR,BayesianRidge,30.0,32.583738955306906,SR - BayesianRidge
527,15,1,SR,BayesianRidge,32.0,29.198290858562103,SR - BayesianRidge
528,16,1,SR,BayesianRidge,35.0,64.47731103121444,SR - BayesianRidge
529,17,1,SR,BayesianRidge,40.0,69.44040839216996,SR - BayesianRidge
530,18,1,SR,BayesianRidge,95.0,90.49030454189464,SR - BayesianRidge
531,19,1,SR,BayesianRidge,0.0,26.66650595530772,SR - BayesianRidge
532,20,1,SR,BayesianRidge,40.0,9.833936701249655,SR - BayesianRidge
533,21,1,SR,BayesianRidge,80.0,43.89299670169491,SR - BayesianRidge
534,42,1,SR,BayesianRidge,1.0,58.28063616045485,SR - BayesianRidge
535,43,1,SR,BayesianRidge,1.0,38.96973253683368,SR - BayesianRidge
536,44,1,SR,BayesianRidge,1.0,28.386470475345313,SR - BayesianRidge
537,45,1,SR,BayesianRidge,2.0,-10.418455916919022,SR - BayesianRidge
538,46,1,SR,BayesianRidge,2.0,-30.893915924882386,SR - BayesianRidge
539,47,1,SR,BayesianRidge,3.0,-24.681395998112812,SR - BayesianRidge
540,48,1,SR,BayesianRidge,10.0,-42.01074971251193,SR - BayesianRidge
541,49,1,SR,BayesianRidge,10.0,106.41683862944842,SR - BayesianRidge
542,54,1,SR,BayesianRidge,1.0,14.315954706518475,SR - BayesianRidge
543,55,1,SR,BayesianRidge,2.0,12.233206839920854,SR - BayesianRidge
544,58,1,SR,BayesianRidge,1.0,51.56079962364814,SR - BayesianRidge
545,59,1,SR,BayesianRidge,1.0,46.98750650276333,SR - BayesianRidge
546,60,1,SR,BayesianRidge,100.0,86.95433655946889,SR - BayesianRidge
547,65,1,SR,BayesianRidge,10.0,21.74697857773455,SR - BayesianRidge
548,85,1,SR,BayesianRidge,3.0,29.214757765701485,SR - BayesianRidge
549,104,1,SR,BayesianRidge,30.0,37.930392699320215,SR - BayesianRidge
550,105,1,SR,BayesianRidge,80.0,67.87335454114115,SR - BayesianRidge
551,106,1,SR,BayesianRidge,1.0,7.788612723545334,SR - BayesianRidge
552,107,1,SR,BayesianRidge,2.0,23.42889759821928,SR - BayesianRidge
553,108,1,SR,BayesianRidge,10.0,19.147545200658897,SR - BayesianRidge
554,110,1,SR,BayesianRidge,20.0,9.608483970364112,SR - BayesianRidge
555,131,1,SR,BayesianRidge,5.0,-13.828399141781425,SR - BayesianRidge
556,133,1,SR,BayesianRidge,60.0,52.03384716756014,SR - BayesianRidge
557,179,1,SR,BayesianRidge,0.0,-4.1980862383870345,SR - BayesianRidge
558,180,1,SR,BayesianRidge,0.0,4.915934417157828,SR - BayesianRidge
559,181,1,SR,BayesianRidge,100.0,19.4944541433412,SR - BayesianRidge
560,182,1,SR,BayesianRidge,5.0,23.664324240925705,SR - BayesianRidge
561,183,1,SR,BayesianRidge,25.0,21.529455821022747,SR - BayesianRidge
562,184,1,SR,BayesianRidge,50.0,27.90135290117369,SR - BayesianRidge
563,185,1,SR,BayesianRidge,75.0,57.68477509756808,SR - BayesianRidge
564,186,1,SR,BayesianRidge,80.0,74.299196831757,SR - BayesianRidge
565,187,1,SR,BayesianRidge,80.0,71.00237979632689,SR - BayesianRidge
566,188,1,SR,BayesianRidge,80.0,83.53687486205513,SR - BayesianRidge
567,189,1,SR,BayesianRidge,80.0,87.98230061532689,SR - BayesianRidge
568,190,1,SR,BayesianRidge,80.0,80.90567877330724,SR - BayesianRidge
569,192,1,SR,BayesianRidge,5.0,-10.291546628529652,SR - BayesianRidge
570,193,1,SR,BayesianRidge,8.0,21.021335243017557,SR - BayesianRidge
571,194,1,SR,BayesianRidge,15.0,16.38870881075095,SR - BayesianRidge
572,195,1,SR,BayesianRidge,60.0,32.185178349260056,SR - BayesianRidge
573,196,1,SR,BayesianRidge,60.0,40.651300854567765,SR - BayesianRidge
574,197,1,SR,BayesianRidge,60.0,59.20126422573658,SR - BayesianRidge
575,198,1,SR,BayesianRidge,80.0,57.99132048743036,SR - BayesianRidge
576,223,1,SR,BayesianRidge,100.0,75.98275344213903,SR - BayesianRidge
577,237,1,SR,BayesianRidge,5.0,26.00555024061955,SR - BayesianRidge
578,238,1,SR,BayesianRidge,80.0,44.04828682216784,SR - BayesianRidge
579,239,1,SR,BayesianRidge,100.0,39.11212346033404,SR - BayesianRidge
580,240,1,SR,BayesianRidge,100.0,61.97168716562797,SR - BayesianRidge
581,241,1,SR,BayesianRidge,100.0,77.52910214144347,SR - BayesianRidge
582,242,1,SR,BayesianRidge,100.0,81.15541020333887,SR - BayesianRidge
583,243,1,SR,BayesianRidge,100.0,90.2002588978632,SR - BayesianRidge
584,244,1,SR,BayesianRidge,100.0,81.48653287780505,SR - BayesianRidge
585,245,1,SR,BayesianRidge,100.0,78.96585686070041,SR - BayesianRidge
586,246,1,SR,BayesianRidge,100.0,81.65463777014443,SR - BayesianRidge
587,266,1,SR,BayesianRidge,2.0,12.641870725130172,SR - BayesianRidge
588,267,1,SR,BayesianRidge,60.0,23.90096841085267,SR - BayesianRidge
589,268,1,SR,BayesianRidge,60.0,23.90096841085267,SR - BayesianRidge
590,269,1,SR,BayesianRidge,100.0,39.96674878456278,SR - BayesianRidge
591,270,1,SR,BayesianRidge,100.0,49.52726067289922,SR - BayesianRidge
592,271,1,SR,BayesianRidge,100.0,54.862168699260494,SR - BayesianRidge
593,272,1,SR,BayesianRidge,100.0,65.69680164014558,SR - BayesianRidge
594,273,1,SR,BayesianRidge,100.0,75.81998082789787,SR - BayesianRidge
595,274,1,SR,BayesianRidge,100.0,78.55395352794665,SR - BayesianRidge
596,275,1,SR,BayesianRidge,100.0,73.73658664852209,SR - BayesianRidge
597,276,1,SR,BayesianRidge,100.0,63.55008786709158,SR - BayesianRidge
598,277,1,SR,BayesianRidge,100.0,61.03382936794335,SR - BayesianRidge
599,278,1,SR,BayesianRidge,100.0,55.10263390146317,SR - BayesianRidge
600,279,1,SR,BayesianRidge,100.0,48.662742398314776,SR - BayesianRidge
601,309,1,SR,BayesianRidge,1.0,20.088845482182254,SR - BayesianRidge
602,310,1,SR,BayesianRidge,5.0,25.740125756121053,SR - BayesianRidge
603,311,1,SR,BayesianRidge,50.0,42.46210336015494,SR - BayesianRidge
604,312,1,SR,BayesianRidge,80.0,58.51806126201177,SR - BayesianRidge
605,313,1,SR,BayesianRidge,100.0,82.88712711996797,SR - BayesianRidge
606,348,1,SR,BayesianRidge,0.0,27.832804064492034,SR - BayesianRidge
607,349,1,SR,BayesianRidge,5.0,57.70857540895979,SR - BayesianRidge
608,359,1,SR,BayesianRidge,0.0,7.07328804295101,SR - BayesianRidge
609,360,1,SR,BayesianRidge,1.0,-3.487065237169702,SR - BayesianRidge
610,387,1,SR,BayesianRidge,2.0,1.7112453173447548,SR - BayesianRidge
611,388,1,SR,BayesianRidge,2.0,16.07665718545909,SR - BayesianRidge
612,399,1,SR,BayesianRidge,3.0,1.4568254641227725,SR - BayesianRidge
613,400,1,SR,BayesianRidge,3.0,-11.7791092610547,SR - BayesianRidge
614,401,1,SR,BayesianRidge,3.0,-13.049931362872762,SR - BayesianRidge
615,402,1,SR,BayesianRidge,5.0,-4.740870087218987,SR - BayesianRidge
616,403,1,SR,BayesianRidge,5.0,-2.5200706037645446,SR - BayesianRidge
617,404,1,SR,BayesianRidge,50.0,50.417508014621134,SR - BayesianRidge
618,405,1,SR,BayesianRidge,50.0,50.66033875046297,SR - BayesianRidge
619,406,1,SR,BayesianRidge,50.0,48.45629701635424,SR - BayesianRidge
620,407,1,SR,BayesianRidge,70.0,50.56912450764523,SR - BayesianRidge
621,416,1,SR,BayesianRidge,1.0,-10.449772260055568,SR - BayesianRidge
622,417,1,SR,BayesianRidge,1.0,16.747595617929893,SR - BayesianRidge
623,418,1,SR,BayesianRidge,1.0,4.622387612847334,SR - BayesianRidge
624,29,2,LR,Ridge,10.0,38.87339811637732,LR - Ridge
625,30,2,LR,Ridge,10.0,13.394570827458423,LR - Ridge
626,31,2,LR,Ridge,25.0,16.79494226857179,LR - Ridge
627,52,2,LR,Ridge,40.0,40.75694946131305,LR - Ridge
628,56,2,LR,Ridge,1.0,19.568393200029703,LR - Ridge
629,57,2,LR,Ridge,80.0,34.26682335337816,LR - Ridge
630,61,2,LR,Ridge,5.0,14.098167086285393,LR - Ridge
631,64,2,LR,Ridge,50.0,44.971007321474694,LR - Ridge
632,68,2,LR,Ridge,5.0,29.20239350512808,LR - Ridge
633,75,2,LR,Ridge,2.0,13.695577233056255,LR - Ridge
634,76,2,LR,Ridge,10.0,35.1420978955512,LR - Ridge
635,77,2,LR,Ridge,80.0,85.78803705369131,LR - Ridge
636,78,2,LR,Ridge,1.0,24.531545007274097,LR - Ridge
637,83,2,LR,Ridge,2.0,13.920221940823346,LR - Ridge
638,93,2,LR,Ridge,3.0,5.040780805710192,LR - Ridge
639,94,2,LR,Ridge,5.0,4.125507095454218,LR - Ridge
640,101,2,LR,Ridge,1.0,8.474992762299479,LR - Ridge
641,102,2,LR,Ridge,50.0,60.044742274172606,LR - Ridge
642,103,2,LR,Ridge,1.0,18.761905748918934,LR - Ridge
643,117,2,LR,Ridge,1.0,-2.1448342978146258,LR - Ridge
644,132,2,LR,Ridge,50.0,41.84969860301862,LR - Ridge
645,174,2,LR,Ridge,10.0,6.347593315932194,LR - Ridge
646,175,2,LR,Ridge,30.0,6.373180235850114,LR - Ridge
647,176,2,LR,Ridge,50.0,34.06382239458388,LR - Ridge
648,177,2,LR,Ridge,100.0,79.83564530605673,LR - Ridge
649,178,2,LR,Ridge,100.0,48.65492922022824,LR - Ridge
650,191,2,LR,Ridge,0.0,13.215445786713687,LR - Ridge
651,221,2,LR,Ridge,35.0,29.799429175967646,LR - Ridge
652,222,2,LR,Ridge,35.0,51.944655121269555,LR - Ridge
653,230,2,LR,Ridge,1.0,22.8251506352081,LR - Ridge
654,231,2,LR,Ridge,3.0,14.605120480447152,LR - Ridge
655,232,2,LR,Ridge,5.0,-1.4155293502510489,LR - Ridge
656,233,2,LR,Ridge,60.0,18.881919125049567,LR - Ridge
657,234,2,LR,Ridge,60.0,31.4415294126708,LR - Ridge
658,235,2,LR,Ridge,60.0,38.122974180871516,LR - Ridge
659,236,2,LR,Ridge,100.0,65.36268226010574,LR - Ridge
660,314,2,LR,Ridge,100.0,78.25183502182405,LR - Ridge
661,341,2,LR,Ridge,1.0,2.0772246457900394,LR - Ridge
662,346,2,LR,Ridge,1.0,5.427357551828862,LR - Ridge
663,347,2,LR,Ridge,2.0,8.914191549804869,LR - Ridge
664,350,2,LR,Ridge,1.0,-5.547436968391018,LR - Ridge
665,362,2,LR,Ridge,1.0,-12.109549790993292,LR - Ridge
666,363,2,LR,Ridge,1.0,-10.849688440784128,LR - Ridge
667,364,2,LR,Ridge,1.0,-16.7023391883806,LR - Ridge
668,365,2,LR,Ridge,1.0,-7.637297342803343,LR - Ridge
669,366,2,LR,Ridge,3.0,-9.966943286170995,LR - Ridge
670,367,2,LR,Ridge,10.0,-7.494813493992545,LR - Ridge
671,368,2,LR,Ridge,10.0,-13.439701745521262,LR - Ridge
672,369,2,LR,Ridge,10.0,-6.0089518984153045,LR - Ridge
673,370,2,LR,Ridge,10.0,3.1017968383387284,LR - Ridge
674,389,2,LR,Ridge,30.0,29.8082364975576,LR - Ridge
675,422,2,LR,Ridge,1.0,0.4426847510567242,LR - Ridge
676,423,2,LR,Ridge,5.0,0.39184734974077173,LR - Ridge
677,29,2,LR,ElasticNet,10.0,37.27102996541384,LR - ElasticNet
678,30,2,LR,ElasticNet,10.0,14.680092087985848,LR - ElasticNet
679,31,2,LR,ElasticNet,25.0,20.221112238723766,LR - ElasticNet
680,52,2,LR,ElasticNet,40.0,41.860551976233836,LR - ElasticNet
681,56,2,LR,ElasticNet,1.0,20.25238807873223,LR - ElasticNet
682,57,2,LR,ElasticNet,80.0,35.699732918606344,LR - ElasticNet
683,61,2,LR,ElasticNet,5.0,15.870995234953234,LR - ElasticNet
684,64,2,LR,ElasticNet,50.0,46.27691403972533,LR - ElasticNet
685,68,2,LR,ElasticNet,5.0,31.33201740568921,LR - ElasticNet
686,75,2,LR,ElasticNet,2.0,14.051848386248537,LR - ElasticNet
687,76,2,LR,ElasticNet,10.0,34.8270273455729,LR - ElasticNet
688,77,2,LR,ElasticNet,80.0,85.76654830606105,LR - ElasticNet
689,78,2,LR,ElasticNet,1.0,24.56993134613169,LR - ElasticNet
690,83,2,LR,ElasticNet,2.0,15.77864624369694,LR - ElasticNet
691,93,2,LR,ElasticNet,3.0,5.9101013135870915,LR - ElasticNet
692,94,2,LR,ElasticNet,5.0,5.50384001767052,LR - ElasticNet
693,101,2,LR,ElasticNet,1.0,9.3234991616911,LR - ElasticNet
694,102,2,LR,ElasticNet,50.0,59.92225755125938,LR - ElasticNet
695,103,2,LR,ElasticNet,1.0,27.026150751910635,LR - ElasticNet
696,117,2,LR,ElasticNet,1.0,-1.087638213859961,LR - ElasticNet
697,132,2,LR,ElasticNet,50.0,40.967181231106295,LR - ElasticNet
698,174,2,LR,ElasticNet,10.0,7.168201850220214,LR - ElasticNet
699,175,2,LR,ElasticNet,30.0,7.183966358637832,LR - ElasticNet
700,176,2,LR,ElasticNet,50.0,34.63090518611987,LR - ElasticNet
701,177,2,LR,ElasticNet,100.0,80.77795605860742,LR - ElasticNet
702,178,2,LR,ElasticNet,100.0,51.01707673616589,LR - ElasticNet
703,191,2,LR,ElasticNet,0.0,12.160256894603037,LR - ElasticNet
704,221,2,LR,ElasticNet,35.0,30.376037854834525,LR - ElasticNet
705,222,2,LR,ElasticNet,35.0,50.87587448327993,LR - ElasticNet
706,230,2,LR,ElasticNet,1.0,23.07386547861042,LR - ElasticNet
707,231,2,LR,ElasticNet,3.0,16.119874762789394,LR - ElasticNet
708,232,2,LR,ElasticNet,5.0,1.640889373032124,LR - ElasticNet
709,233,2,LR,ElasticNet,60.0,20.404072342436372,LR - ElasticNet
710,234,2,LR,ElasticNet,60.0,33.13031552505526,LR - ElasticNet
711,235,2,LR,ElasticNet,60.0,39.44334149947545,LR - ElasticNet
712,236,2,LR,ElasticNet,100.0,65.49152485567993,LR - ElasticNet
713,314,2,LR,ElasticNet,100.0,78.10514324707323,LR - ElasticNet
714,341,2,LR,ElasticNet,1.0,3.48372441526886,LR - ElasticNet
715,346,2,LR,ElasticNet,1.0,5.851385369510403,LR - ElasticNet
716,347,2,LR,ElasticNet,2.0,9.467280523197168,LR - ElasticNet
717,350,2,LR,ElasticNet,1.0,-7.9260629018511395,LR - ElasticNet
718,362,2,LR,ElasticNet,1.0,-10.742068172709203,LR - ElasticNet
719,363,2,LR,ElasticNet,1.0,-9.603015262972761,LR - ElasticNet
720,364,2,LR,ElasticNet,1.0,-14.552566837899136,LR - ElasticNet
721,365,2,LR,ElasticNet,1.0,-6.52286490291246,LR - ElasticNet
722,366,2,LR,ElasticNet,3.0,-7.995593287584484,LR - ElasticNet
723,367,2,LR,ElasticNet,10.0,-3.9437988314023116,LR - ElasticNet
724,368,2,LR,ElasticNet,10.0,-9.157401091265157,LR - ElasticNet
725,369,2,LR,ElasticNet,10.0,-4.730511352112146,LR - ElasticNet
726,370,2,LR,ElasticNet,10.0,5.53035870424295,LR - ElasticNet
727,389,2,LR,ElasticNet,30.0,30.64050065684271,LR - ElasticNet
728,422,2,LR,ElasticNet,1.0,2.3566673658600052,LR - ElasticNet
729,423,2,LR,ElasticNet,5.0,2.900346852475188,LR - ElasticNet
730,29,2,LR,BayesianRidge,10.0,35.601122514391236,LR - BayesianRidge
731,30,2,LR,BayesianRidge,10.0,16.529799320823674,LR - BayesianRidge
732,31,2,LR,BayesianRidge,25.0,24.393350309367925,LR - BayesianRidge
733,52,2,LR,BayesianRidge,40.0,43.433010302774576,LR - BayesianRidge
734,56,2,LR,BayesianRidge,1.0,21.079663688392355,LR - BayesianRidge
735,57,2,LR,BayesianRidge,80.0,36.883036418012395,LR - BayesianRidge
736,61,2,LR,BayesianRidge,5.0,17.917399784582358,LR - BayesianRidge
737,64,2,LR,BayesianRidge,50.0,47.40514133986128,LR - BayesianRidge
738,68,2,LR,BayesianRidge,5.0,33.15278076436594,LR - BayesianRidge
739,75,2,LR,BayesianRidge,2.0,14.67622253051157,LR - BayesianRidge
740,76,2,LR,BayesianRidge,10.0,34.42933962460332,LR - BayesianRidge
741,77,2,LR,BayesianRidge,80.0,85.4035892449019,LR - BayesianRidge
742,78,2,LR,BayesianRidge,1.0,25.022071096400133,LR - BayesianRidge
743,83,2,LR,BayesianRidge,2.0,18.049746406677492,LR - BayesianRidge
744,93,2,LR,BayesianRidge,3.0,6.454092291992012,LR - BayesianRidge
745,94,2,LR,BayesianRidge,5.0,6.783313044392912,LR - BayesianRidge
746,101,2,LR,BayesianRidge,1.0,10.477003426625522,LR - BayesianRidge
747,102,2,LR,BayesianRidge,50.0,59.984674199208904,LR - BayesianRidge
748,103,2,LR,BayesianRidge,1.0,34.12738707050841,LR - BayesianRidge
749,117,2,LR,BayesianRidge,1.0,-0.13810033423352763,LR - BayesianRidge
750,132,2,LR,BayesianRidge,50.0,39.97308827974987,LR - BayesianRidge
751,174,2,LR,BayesianRidge,10.0,8.755227905232985,LR - BayesianRidge
752,175,2,LR,BayesianRidge,30.0,8.638930118800388,LR - BayesianRidge
753,176,2,LR,BayesianRidge,50.0,35.383881360726114,LR - BayesianRidge
754,177,2,LR,BayesianRidge,100.0,82.0017790517993,LR - BayesianRidge
755,178,2,LR,BayesianRidge,100.0,52.91360433323332,LR - BayesianRidge
756,191,2,LR,BayesianRidge,0.0,11.204211954902213,LR - BayesianRidge
757,221,2,LR,BayesianRidge,35.0,31.13918292278698,LR - BayesianRidge
758,222,2,LR,BayesianRidge,35.0,49.83556097555884,LR - BayesianRidge
759,230,2,LR,BayesianRidge,1.0,23.57672415543106,LR - BayesianRidge
760,231,2,LR,BayesianRidge,3.0,17.745730686822384,LR - BayesianRidge
761,232,2,LR,BayesianRidge,5.0,4.181725391562885,LR - BayesianRidge
762,233,2,LR,BayesianRidge,60.0,21.146682407872856,LR - BayesianRidge
763,234,2,LR,BayesianRidge,60.0,34.31312032812927,LR - BayesianRidge
764,235,2,LR,BayesianRidge,60.0,40.44197027152073,LR - BayesianRidge
765,236,2,LR,BayesianRidge,100.0,65.5282542128301,LR - BayesianRidge
766,314,2,LR,BayesianRidge,100.0,77.82424230102174,LR - BayesianRidge
767,341,2,LR,BayesianRidge,1.0,4.877839753439666,LR - BayesianRidge
768,346,2,LR,BayesianRidge,1.0,6.6535022899294916,LR - BayesianRidge
769,347,2,LR,BayesianRidge,2.0,10.191326286004003,LR - BayesianRidge
770,350,2,LR,BayesianRidge,1.0,-9.920872400914234,LR - BayesianRidge
771,362,2,LR,BayesianRidge,1.0,-8.799603684350117,LR - BayesianRidge
772,363,2,LR,BayesianRidge,1.0,-8.028032088647315,LR - BayesianRidge
773,364,2,LR,BayesianRidge,1.0,-11.82357307337604,LR - BayesianRidge
774,365,2,LR,BayesianRidge,1.0,-4.780752527656162,LR - BayesianRidge
775,366,2,LR,BayesianRidge,3.0,-5.3696252085165455,LR - BayesianRidge
776,367,2,LR,BayesianRidge,10.0,-0.7825120548107307,LR - BayesianRidge
777,368,2,LR,BayesianRidge,10.0,-5.264814086156889,LR - BayesianRidge
778,369,2,LR,BayesianRidge,10.0,-3.5407436312211473,LR - BayesianRidge
779,370,2,LR,BayesianRidge,10.0,8.377553814655478,LR - BayesianRidge
780,389,2,LR,BayesianRidge,30.0,31.25249730461828,LR - BayesianRidge
781,422,2,LR,BayesianRidge,1.0,4.260375544927271,LR - BayesianRidge
782,423,2,LR,BayesianRidge,5.0,5.2083384048575,LR - BayesianRidge
783,29,2,SR,Ridge,10.0,36.179518864486816,SR - Ridge
784,30,2,SR,Ridge,10.0,16.269052002742182,SR - Ridge
785,31,2,SR,Ridge,25.0,21.095352300469113,SR - Ridge
786,52,2,SR,Ridge,40.0,59.00189703777449,SR - Ridge
787,56,2,SR,Ridge,1.0,17.840079326112257,SR - Ridge
788,57,2,SR,Ridge,80.0,46.90143202570297,SR - Ridge
789,61,2,SR,Ridge,5.0,13.691206164485706,SR - Ridge
790,64,2,SR,Ridge,50.0,37.540183473653556,SR - Ridge
791,68,2,SR,Ridge,5.0,33.91024992656692,SR - Ridge
792,75,2,SR,Ridge,2.0,20.149650623866656,SR - Ridge
793,76,2,SR,Ridge,10.0,44.343297472715435,SR - Ridge
794,77,2,SR,Ridge,80.0,89.88066082704881,SR - Ridge
795,78,2,SR,Ridge,1.0,24.800743187918126,SR - Ridge
796,83,2,SR,Ridge,2.0,16.984018246172013,SR - Ridge
797,93,2,SR,Ridge,3.0,3.5817114254206857,SR - Ridge
798,94,2,SR,Ridge,5.0,9.783875858217414,SR - Ridge
799,101,2,SR,Ridge,1.0,0.3247570883382238,SR - Ridge
800,102,2,SR,Ridge,50.0,56.1395661696185,SR - Ridge
801,103,2,SR,Ridge,1.0,44.82611305181257,SR - Ridge
802,117,2,SR,Ridge,1.0,1.2354427962559882,SR - Ridge
803,132,2,SR,Ridge,50.0,46.816206035410616,SR - Ridge
804,174,2,SR,Ridge,10.0,3.608666644050622,SR - Ridge
805,175,2,SR,Ridge,30.0,10.587146708206024,SR - Ridge
806,176,2,SR,Ridge,50.0,52.72936219876833,SR - Ridge
807,177,2,SR,Ridge,100.0,101.04878376860086,SR - Ridge
808,178,2,SR,Ridge,100.0,65.30198422359204,SR - Ridge
809,191,2,SR,Ridge,0.0,14.570529688776663,SR - Ridge
810,221,2,SR,Ridge,35.0,44.69830991693835,SR - Ridge
811,222,2,SR,Ridge,35.0,71.50232404042083,SR - Ridge
812,230,2,SR,Ridge,1.0,49.72119882740303,SR - Ridge
813,231,2,SR,Ridge,3.0,42.47283308482076,SR - Ridge
814,232,2,SR,Ridge,5.0,22.5500921714549,SR - Ridge
815,233,2,SR,Ridge,60.0,44.063685733864766,SR - Ridge
816,234,2,SR,Ridge,60.0,55.18796241043264,SR - Ridge
817,235,2,SR,Ridge,60.0,57.830647092623394,SR - Ridge
818,236,2,SR,Ridge,100.0,82.70237506216668,SR - Ridge
819,314,2,SR,Ridge,100.0,81.35425306631213,SR - Ridge
820,341,2,SR,Ridge,1.0,-0.18110049892504065,SR - Ridge
821,346,2,SR,Ridge,1.0,14.429677174091466,SR - Ridge
822,347,2,SR,Ridge,2.0,12.51163536875299,SR - Ridge
823,350,2,SR,Ridge,1.0,-11.139115477372357,SR - Ridge
824,362,2,SR,Ridge,1.0,-3.872254507012407,SR - Ridge
825,363,2,SR,Ridge,1.0,-0.793014698968868,SR - Ridge
826,364,2,SR,Ridge,1.0,-7.859011761893065,SR - Ridge
827,365,2,SR,Ridge,1.0,-3.749167571435642,SR - Ridge
828,366,2,SR,Ridge,3.0,0.22804383661959804,SR - Ridge
829,367,2,SR,Ridge,10.0,-2.6139568352422913,SR - Ridge
830,368,2,SR,Ridge,10.0,-9.784435963239147,SR - Ridge
831,369,2,SR,Ridge,10.0,0.4985640168351395,SR - Ridge
832,370,2,SR,Ridge,10.0,9.510388572571678,SR - Ridge
833,389,2,SR,Ridge,30.0,47.959189425146874,SR - Ridge
834,422,2,SR,Ridge,1.0,16.096055618363287,SR - Ridge
835,423,2,SR,Ridge,5.0,11.96431187493424,SR - Ridge
836,29,2,SR,ElasticNet,10.0,33.809985772944835,SR - ElasticNet
837,30,2,SR,ElasticNet,10.0,17.781931295728015,SR - ElasticNet
838,31,2,SR,ElasticNet,25.0,24.480506169959458,SR - ElasticNet
839,52,2,SR,ElasticNet,40.0,58.989404742779904,SR - ElasticNet
840,56,2,SR,ElasticNet,1.0,18.10859478652546,SR - ElasticNet
841,57,2,SR,ElasticNet,80.0,45.06114787672841,SR - ElasticNet
842,61,2,SR,ElasticNet,5.0,15.843802402127608,SR - ElasticNet
843,64,2,SR,ElasticNet,50.0,40.15868617122903,SR - ElasticNet
844,68,2,SR,ElasticNet,5.0,33.84873719534657,SR - ElasticNet
845,75,2,SR,ElasticNet,2.0,20.18879865956626,SR - ElasticNet
846,76,2,SR,ElasticNet,10.0,42.81539519140531,SR - ElasticNet
847,77,2,SR,ElasticNet,80.0,88.67575960929233,SR - ElasticNet
848,78,2,SR,ElasticNet,1.0,25.173118941475863,SR - ElasticNet
849,83,2,SR,ElasticNet,2.0,18.903232222515005,SR - ElasticNet
850,93,2,SR,ElasticNet,3.0,5.094749143901147,SR - ElasticNet
851,94,2,SR,ElasticNet,5.0,10.708823692870283,SR - ElasticNet
852,101,2,SR,ElasticNet,1.0,2.2349325369770483,SR - ElasticNet
853,102,2,SR,ElasticNet,50.0,56.837680536089884,SR - ElasticNet
854,103,2,SR,ElasticNet,1.0,46.20902092729976,SR - ElasticNet
855,117,2,SR,ElasticNet,1.0,2.092939811700006,SR - ElasticNet
856,132,2,SR,ElasticNet,50.0,45.60470402954637,SR - ElasticNet
857,174,2,SR,ElasticNet,10.0,6.8536653176089075,SR - ElasticNet
858,175,2,SR,ElasticNet,30.0,12.722612713549395,SR - ElasticNet
859,176,2,SR,ElasticNet,50.0,51.81201334441787,SR - ElasticNet
860,177,2,SR,ElasticNet,100.0,101.13796712517122,SR - ElasticNet
861,178,2,SR,ElasticNet,100.0,66.42639501592942,SR - ElasticNet
862,191,2,SR,ElasticNet,0.0,14.079784997974961,SR - ElasticNet
863,221,2,SR,ElasticNet,35.0,43.459290955091824,SR - ElasticNet
864,222,2,SR,ElasticNet,35.0,67.74540877155056,SR - ElasticNet
865,230,2,SR,ElasticNet,1.0,48.3405527691125,SR - ElasticNet
866,231,2,SR,ElasticNet,3.0,40.69692972639779,SR - ElasticNet
867,232,2,SR,ElasticNet,5.0,24.142561231850692,SR - ElasticNet
868,233,2,SR,ElasticNet,60.0,43.18239496791871,SR - ElasticNet
869,234,2,SR,ElasticNet,60.0,53.612378498378796,SR - ElasticNet
870,235,2,SR,ElasticNet,60.0,56.207382101621135,SR - ElasticNet
871,236,2,SR,ElasticNet,100.0,78.51579653392753,SR - ElasticNet
872,314,2,SR,ElasticNet,100.0,80.81040926714815,SR - ElasticNet
873,341,2,SR,ElasticNet,1.0,0.8864486489561116,SR - ElasticNet
874,346,2,SR,ElasticNet,1.0,16.058131764501894,SR - ElasticNet
875,347,2,SR,ElasticNet,2.0,13.448971391562928,SR - ElasticNet
876,350,2,SR,ElasticNet,1.0,-14.252710647137185,SR - ElasticNet
877,362,2,SR,ElasticNet,1.0,-2.209151102918291,SR - ElasticNet
878,363,2,SR,ElasticNet,1.0,0.26896422008286436,SR - ElasticNet
879,364,2,SR,ElasticNet,1.0,-5.205966487183574,SR - ElasticNet
880,365,2,SR,ElasticNet,1.0,-1.629862093363748,SR - ElasticNet
881,366,2,SR,ElasticNet,3.0,2.6566386838705043,SR - ElasticNet
882,367,2,SR,ElasticNet,10.0,0.8975895144265635,SR - ElasticNet
883,368,2,SR,ElasticNet,10.0,-5.442532429467555,SR - ElasticNet
884,369,2,SR,ElasticNet,10.0,1.3998320747520765,SR - ElasticNet
885,370,2,SR,ElasticNet,10.0,11.210820554849903,SR - ElasticNet
886,389,2,SR,ElasticNet,30.0,47.373674007606226,SR - ElasticNet
887,422,2,SR,ElasticNet,1.0,16.612173034802602,SR - ElasticNet
888,423,2,SR,ElasticNet,5.0,12.70739794637403,SR - ElasticNet
889,29,2,SR,BayesianRidge,10.0,32.56650208083109,SR - BayesianRidge
890,30,2,SR,BayesianRidge,10.0,18.710827275133074,SR - BayesianRidge
891,31,2,SR,BayesianRidge,25.0,26.584003944205303,SR - BayesianRidge
892,52,2,SR,BayesianRidge,40.0,58.79432429041475,SR - BayesianRidge
893,56,2,SR,BayesianRidge,1.0,18.253228981996266,SR - BayesianRidge
894,57,2,SR,BayesianRidge,80.0,44.25719904019166,SR - BayesianRidge
895,61,2,SR,BayesianRidge,5.0,17.21511802066395,SR - BayesianRidge
896,64,2,SR,BayesianRidge,50.0,41.60360055862624,SR - BayesianRidge
897,68,2,SR,BayesianRidge,5.0,33.49934363348672,SR - BayesianRidge
898,75,2,SR,BayesianRidge,2.0,20.02491916015819,SR - BayesianRidge
899,76,2,SR,BayesianRidge,10.0,41.7101464733651,SR - BayesianRidge
900,77,2,SR,BayesianRidge,80.0,87.65414103827631,SR - BayesianRidge
901,78,2,SR,BayesianRidge,1.0,25.79082513747916,SR - BayesianRidge
902,83,2,SR,BayesianRidge,2.0,20.096067833147632,SR - BayesianRidge
903,93,2,SR,BayesianRidge,3.0,5.7572772326378185,SR - BayesianRidge
904,94,2,SR,BayesianRidge,5.0,11.140362256740652,SR - BayesianRidge
905,101,2,SR,BayesianRidge,1.0,3.6156114349897663,SR - BayesianRidge
906,102,2,SR,BayesianRidge,50.0,57.26388077400422,SR - BayesianRidge
907,103,2,SR,BayesianRidge,1.0,46.97924607936753,SR - BayesianRidge
908,117,2,SR,BayesianRidge,1.0,2.504839687112316,SR - BayesianRidge
909,132,2,SR,BayesianRidge,50.0,44.419859000694395,SR - BayesianRidge
910,174,2,SR,BayesianRidge,10.0,8.675417949819632,SR - BayesianRidge
911,175,2,SR,BayesianRidge,30.0,13.961042759888667,SR - BayesianRidge
912,176,2,SR,BayesianRidge,50.0,51.47277091902156,SR - BayesianRidge
913,177,2,SR,BayesianRidge,100.0,101.40295298382306,SR - BayesianRidge
914,178,2,SR,BayesianRidge,100.0,66.91483373353402,SR - BayesianRidge
915,191,2,SR,BayesianRidge,0.0,13.852622307977306,SR - BayesianRidge
916,221,2,SR,BayesianRidge,35.0,42.47890781044143,SR - BayesianRidge
917,222,2,SR,BayesianRidge,35.0,65.1957154502263,SR - BayesianRidge
918,230,2,SR,BayesianRidge,1.0,47.327614868295214,SR - BayesianRidge
919,231,2,SR,BayesianRidge,3.0,39.57016299216052,SR - BayesianRidge
920,232,2,SR,BayesianRidge,5.0,24.668083643215418,SR - BayesianRidge
921,233,2,SR,BayesianRidge,60.0,42.315298606856686,SR - BayesianRidge
922,234,2,SR,BayesianRidge,60.0,52.58804269547397,SR - BayesianRidge
923,235,2,SR,BayesianRidge,60.0,55.269271818902645,SR - BayesianRidge
924,236,2,SR,BayesianRidge,100.0,76.27139033850858,SR - BayesianRidge
925,314,2,SR,BayesianRidge,100.0,80.29778459317224,SR - BayesianRidge
926,341,2,SR,BayesianRidge,1.0,1.5618787923876383,SR - BayesianRidge
927,346,2,SR,BayesianRidge,1.0,16.943828016960353,SR - BayesianRidge
928,347,2,SR,BayesianRidge,2.0,13.891372731413718,SR - BayesianRidge
929,350,2,SR,BayesianRidge,1.0,-15.762283964335637,SR - BayesianRidge
930,362,2,SR,BayesianRidge,1.0,-1.150786414783127,SR - BayesianRidge
931,363,2,SR,BayesianRidge,1.0,0.9246948795713905,SR - BayesianRidge
932,364,2,SR,BayesianRidge,1.0,-3.6220746538187356,SR - BayesianRidge
933,365,2,SR,BayesianRidge,1.0,-0.42623182861472486,SR - BayesianRidge
934,366,2,SR,BayesianRidge,3.0,4.097688356091538,SR - BayesianRidge
935,367,2,SR,BayesianRidge,10.0,2.6464464376535304,SR - BayesianRidge
936,368,2,SR,BayesianRidge,10.0,-3.2535202401936303,SR - BayesianRidge
937,369,2,SR,BayesianRidge,10.0,1.7175347725688042,SR - BayesianRidge
938,370,2,SR,BayesianRidge,10.0,12.29430043593474,SR - BayesianRidge
939,389,2,SR,BayesianRidge,30.0,46.86799937311986,SR - BayesianRidge
940,422,2,SR,BayesianRidge,1.0,16.659071597616347,SR - BayesianRidge
941,423,2,SR,BayesianRidge,5.0,12.94640603616362,SR - BayesianRidge
942,32,3,LR,Ridge,1.0,2.3557420874856874,LR - Ridge
943,33,3,LR,Ridge,5.0,8.105610271379373,LR - Ridge
944,34,3,LR,Ridge,5.0,-0.6499296303833049,LR - Ridge
945,35,3,LR,Ridge,10.0,4.17214178487114,LR - Ridge
946,36,3,LR,Ridge,15.0,-0.10025583238520852,LR - Ridge
947,37,3,LR,Ridge,15.0,-2.2527726608566923,LR - Ridge
948,38,3,LR,Ridge,20.0,10.041906014251659,LR - Ridge
949,39,3,LR,Ridge,25.0,27.320745274956977,LR - Ridge
950,40,3,LR,Ridge,30.0,35.34184472670199,LR - Ridge
951,41,3,LR,Ridge,70.0,56.43669395968378,LR - Ridge
952,66,3,LR,Ridge,5.0,16.992179749341226,LR - Ridge
953,84,3,LR,Ridge,5.0,43.82132717077167,LR - Ridge
954,86,3,LR,Ridge,100.0,18.737930490157353,LR - Ridge
955,87,3,LR,Ridge,100.0,70.00935072626086,LR - Ridge
956,88,3,LR,Ridge,100.0,41.32217295164878,LR - Ridge
957,89,3,LR,Ridge,100.0,79.24625809208806,LR - Ridge
958,98,3,LR,Ridge,0.0,13.690313155502679,LR - Ridge
959,99,3,LR,Ridge,15.0,30.396623458694346,LR - Ridge
960,100,3,LR,Ridge,40.0,55.298513278560904,LR - Ridge
961,111,3,LR,Ridge,5.0,-1.0163600953281033,LR - Ridge
962,121,3,LR,Ridge,90.0,61.72665581459988,LR - Ridge
963,151,3,LR,Ridge,30.0,50.22119456526803,LR - Ridge
964,162,3,LR,Ridge,3.0,22.62814859970781,LR - Ridge
965,163,3,LR,Ridge,20.0,25.311083762526167,LR - Ridge
966,164,3,LR,Ridge,100.0,40.14616831147967,LR - Ridge
967,165,3,LR,Ridge,100.0,67.62595294672076,LR - Ridge
968,253,3,LR,Ridge,2.0,12.204915511684064,LR - Ridge
969,254,3,LR,Ridge,7.0,18.606762971678748,LR - Ridge
970,255,3,LR,Ridge,70.0,30.124961879310394,LR - Ridge
971,256,3,LR,Ridge,92.0,50.697278987793034,LR - Ridge
972,257,3,LR,Ridge,100.0,70.15173056661902,LR - Ridge
973,258,3,LR,Ridge,100.0,76.12659935273862,LR - Ridge
974,259,3,LR,Ridge,100.0,87.30495969951426,LR - Ridge
975,260,3,LR,Ridge,100.0,99.87095145062048,LR - Ridge
976,261,3,LR,Ridge,100.0,104.48791365606337,LR - Ridge
977,262,3,LR,Ridge,100.0,84.55027730659609,LR - Ridge
978,263,3,LR,Ridge,100.0,73.52150309912864,LR - Ridge
979,264,3,LR,Ridge,100.0,109.29823523451887,LR - Ridge
980,265,3,LR,Ridge,100.0,85.45964575506406,LR - Ridge
981,280,3,LR,Ridge,0.5,35.24357966388696,LR - Ridge
982,281,3,LR,Ridge,50.0,40.769481461276285,LR - Ridge
983,282,3,LR,Ridge,50.0,40.769481461276285,LR - Ridge
984,283,3,LR,Ridge,100.0,61.417870948112025,LR - Ridge
985,284,3,LR,Ridge,100.0,74.1883677146607,LR - Ridge
986,285,3,LR,Ridge,100.0,79.25358648367666,LR - Ridge
987,286,3,LR,Ridge,100.0,90.30600229882165,LR - Ridge
988,287,3,LR,Ridge,100.0,91.47199177407163,LR - Ridge
989,288,3,LR,Ridge,100.0,82.77528372677166,LR - Ridge
990,289,3,LR,Ridge,100.0,79.37555153485556,LR - Ridge
991,290,3,LR,Ridge,100.0,72.62538943856651,LR - Ridge
992,291,3,LR,Ridge,100.0,73.94471235472079,LR - Ridge
993,292,3,LR,Ridge,100.0,70.50690058190426,LR - Ridge
994,293,3,LR,Ridge,100.0,66.95444834117892,LR - Ridge
995,294,3,LR,Ridge,25.0,29.697065595137193,LR - Ridge
996,295,3,LR,Ridge,25.0,40.146070186520596,LR - Ridge
997,296,3,LR,Ridge,60.0,66.07382672173286,LR - Ridge
998,297,3,LR,Ridge,65.0,80.4752822915531,LR - Ridge
999,298,3,LR,Ridge,65.0,86.20113839186348,LR - Ridge
1000,299,3,LR,Ridge,65.0,97.0825252313157,LR - Ridge
1001,300,3,LR,Ridge,65.0,97.0825252313157,LR - Ridge
1002,301,3,LR,Ridge,65.0,97.9828225481304,LR - Ridge
1003,302,3,LR,Ridge,65.0,95.6570687721048,LR - Ridge
1004,303,3,LR,Ridge,100.0,98.91626922341146,LR - Ridge
1005,304,3,LR,Ridge,100.0,96.39922991093296,LR - Ridge
1006,315,3,LR,Ridge,90.0,109.31314512243452,LR - Ridge
1007,316,3,LR,Ridge,100.0,80.7460735110568,LR - Ridge
1008,317,3,LR,Ridge,1.0,15.43015870150036,LR - Ridge
1009,318,3,LR,Ridge,15.0,39.49689960563065,LR - Ridge
1010,319,3,LR,Ridge,70.0,85.70044772950067,LR - Ridge
1011,320,3,LR,Ridge,80.0,80.20234330156313,LR - Ridge
1012,321,3,LR,Ridge,80.0,81.46886579991286,LR - Ridge
1013,322,3,LR,Ridge,80.0,78.73779247887924,LR - Ridge
1014,323,3,LR,Ridge,100.0,75.12433476632745,LR - Ridge
1015,324,3,LR,Ridge,100.0,74.81711997212625,LR - Ridge
1016,325,3,LR,Ridge,100.0,72.37432772269571,LR - Ridge
1017,338,3,LR,Ridge,5.0,18.664205169437967,LR - Ridge
1018,339,3,LR,Ridge,1.0,-9.92978895781743,LR - Ridge
1019,340,3,LR,Ridge,20.0,47.56648773624174,LR - Ridge
1020,351,3,LR,Ridge,1.0,0.9483870951163311,LR - Ridge
1021,352,3,LR,Ridge,1.0,-10.916509693591948,LR - Ridge
1022,353,3,LR,Ridge,1.0,-11.979694119942671,LR - Ridge
1023,354,3,LR,Ridge,2.0,-2.327689420775293,LR - Ridge
1024,355,3,LR,Ridge,2.0,4.5175102541413885,LR - Ridge
1025,356,3,LR,Ridge,3.0,44.610603163544894,LR - Ridge
1026,357,3,LR,Ridge,30.0,42.81135719117696,LR - Ridge
1027,358,3,LR,Ridge,30.0,80.99116059471635,LR - Ridge
1028,361,3,LR,Ridge,1.0,9.360878860150692,LR - Ridge
1029,380,3,LR,Ridge,50.0,54.37922598581163,LR - Ridge
1030,381,3,LR,Ridge,0.0,3.871350614647632,LR - Ridge
1031,382,3,LR,Ridge,1.0,3.038669020886033,LR - Ridge
1032,383,3,LR,Ridge,20.0,37.914711288245435,LR - Ridge
1033,397,3,LR,Ridge,1.0,38.54479086414089,LR - Ridge
1034,398,3,LR,Ridge,40.0,54.74966914668863,LR - Ridge
1035,408,3,LR,Ridge,0.0,-5.189640413422445,LR - Ridge
1036,409,3,LR,Ridge,2.0,11.056104510825975,LR - Ridge
1037,424,3,LR,Ridge,10.0,27.55938404382272,LR - Ridge
1038,32,3,LR,ElasticNet,1.0,-0.5404974733878802,LR - ElasticNet
1039,33,3,LR,ElasticNet,5.0,5.333549129158204,LR - ElasticNet
1040,34,3,LR,ElasticNet,5.0,-2.2138750289481877,LR - ElasticNet
1041,35,3,LR,ElasticNet,10.0,2.1830161009951112,LR - ElasticNet
1042,36,3,LR,ElasticNet,15.0,-1.4401383574402402,LR - ElasticNet
1043,37,3,LR,ElasticNet,15.0,-3.2117764338318437,LR - ElasticNet
1044,38,3,LR,ElasticNet,20.0,11.522825535705767,LR - ElasticNet
1045,39,3,LR,ElasticNet,25.0,27.61266653853893,LR - ElasticNet
1046,40,3,LR,ElasticNet,30.0,35.07283131400679,LR - ElasticNet
1047,41,3,LR,ElasticNet,70.0,56.92417270355489,LR - ElasticNet
1048,66,3,LR,ElasticNet,5.0,18.41268277158302,LR - ElasticNet
1049,84,3,LR,ElasticNet,5.0,43.3497728671366,LR - ElasticNet
1050,86,3,LR,ElasticNet,100.0,19.52791278954451,LR - ElasticNet
1051,87,3,LR,ElasticNet,100.0,69.59903228734082,LR - ElasticNet
1052,88,3,LR,ElasticNet,100.0,41.02584219755613,LR - ElasticNet
1053,89,3,LR,ElasticNet,100.0,78.6740155394661,LR - ElasticNet
1054,98,3,LR,ElasticNet,0.0,11.6580274962235,LR - ElasticNet
1055,99,3,LR,ElasticNet,15.0,29.677084768543246,LR - ElasticNet
1056,100,3,LR,ElasticNet,40.0,53.98632170785084,LR - ElasticNet
1057,111,3,LR,ElasticNet,5.0,-0.3765839914001816,LR - ElasticNet
1058,121,3,LR,ElasticNet,90.0,62.394254622251296,LR - ElasticNet
1059,151,3,LR,ElasticNet,30.0,48.328785419004156,LR - ElasticNet
1060,162,3,LR,ElasticNet,3.0,22.926329005179863,LR - ElasticNet
1061,163,3,LR,ElasticNet,20.0,25.470882635766344,LR - ElasticNet
1062,164,3,LR,ElasticNet,100.0,39.454273066694974,LR - ElasticNet
1063,165,3,LR,ElasticNet,100.0,66.63787961923707,LR - ElasticNet
1064,253,3,LR,ElasticNet,2.0,12.470054115833008,LR - ElasticNet
1065,254,3,LR,ElasticNet,7.0,19.031785219243122,LR - ElasticNet
1066,255,3,LR,ElasticNet,70.0,31.17061838968735,LR - ElasticNet
1067,256,3,LR,ElasticNet,92.0,50.66971051705999,LR - ElasticNet
1068,257,3,LR,ElasticNet,100.0,69.48962745777268,LR - ElasticNet
1069,258,3,LR,ElasticNet,100.0,75.40588089524134,LR - ElasticNet
1070,259,3,LR,ElasticNet,100.0,86.64632978248372,LR - ElasticNet
1071,260,3,LR,ElasticNet,100.0,97.41930029003456,LR - ElasticNet
1072,261,3,LR,ElasticNet,100.0,100.13730807539861,LR - ElasticNet
1073,262,3,LR,ElasticNet,100.0,84.34686792749972,LR - ElasticNet
1074,263,3,LR,ElasticNet,100.0,72.12648728492695,LR - ElasticNet
1075,264,3,LR,ElasticNet,100.0,107.7521545143336,LR - ElasticNet
1076,265,3,LR,ElasticNet,100.0,83.2810973946728,LR - ElasticNet
1077,280,3,LR,ElasticNet,0.5,34.0366284222331,LR - ElasticNet
1078,281,3,LR,ElasticNet,50.0,39.29812278152811,LR - ElasticNet
1079,282,3,LR,ElasticNet,50.0,39.29812278152811,LR - ElasticNet
1080,283,3,LR,ElasticNet,100.0,59.82934285775376,LR - ElasticNet
1081,284,3,LR,ElasticNet,100.0,72.85996300428997,LR - ElasticNet
1082,285,3,LR,ElasticNet,100.0,77.85729074995369,LR - ElasticNet
1083,286,3,LR,ElasticNet,100.0,88.99521051377764,LR - ElasticNet
1084,287,3,LR,ElasticNet,100.0,89.57860727241786,LR - ElasticNet
1085,288,3,LR,ElasticNet,100.0,81.90629750105184,LR - ElasticNet
1086,289,3,LR,ElasticNet,100.0,78.73825007208804,LR - ElasticNet
1087,290,3,LR,ElasticNet,100.0,72.38718492080021,LR - ElasticNet
1088,291,3,LR,ElasticNet,100.0,73.13113444616317,LR - ElasticNet
1089,292,3,LR,ElasticNet,100.0,69.81547041514614,LR - ElasticNet
1090,293,3,LR,ElasticNet,100.0,66.35964085563347,LR - ElasticNet
1091,294,3,LR,ElasticNet,25.0,28.313063538563462,LR - ElasticNet
1092,295,3,LR,ElasticNet,25.0,38.4270679423107,LR - ElasticNet
1093,296,3,LR,ElasticNet,60.0,63.99732088918255,LR - ElasticNet
1094,297,3,LR,ElasticNet,65.0,78.68983721122223,LR - ElasticNet
1095,298,3,LR,ElasticNet,65.0,84.49509252062819,LR - ElasticNet
1096,299,3,LR,ElasticNet,65.0,95.51880034161968,LR - ElasticNet
1097,300,3,LR,ElasticNet,65.0,95.51880034161968,LR - ElasticNet
1098,301,3,LR,ElasticNet,65.0,96.53217501219402,LR - ElasticNet
1099,302,3,LR,ElasticNet,65.0,94.40185394645079,LR - ElasticNet
1100,303,3,LR,ElasticNet,100.0,97.1662856223166,LR - ElasticNet
1101,304,3,LR,ElasticNet,100.0,94.84042695998085,LR - ElasticNet
1102,315,3,LR,ElasticNet,90.0,106.55652363423661,LR - ElasticNet
1103,316,3,LR,ElasticNet,100.0,79.2169594803598,LR - ElasticNet
1104,317,3,LR,ElasticNet,1.0,16.322975850120727,LR - ElasticNet
1105,318,3,LR,ElasticNet,15.0,38.491994971137956,LR - ElasticNet
1106,319,3,LR,ElasticNet,70.0,84.14687854853045,LR - ElasticNet
1107,320,3,LR,ElasticNet,80.0,79.41087988180094,LR - ElasticNet
1108,321,3,LR,ElasticNet,80.0,81.22191072981659,LR - ElasticNet
1109,322,3,LR,ElasticNet,80.0,78.44736831996012,LR - ElasticNet
1110,323,3,LR,ElasticNet,100.0,75.16357158938939,LR - ElasticNet
1111,324,3,LR,ElasticNet,100.0,74.98370206715421,LR - ElasticNet
1112,325,3,LR,ElasticNet,100.0,72.68903675939066,LR - ElasticNet
1113,338,3,LR,ElasticNet,5.0,21.231809900208113,LR - ElasticNet
1114,339,3,LR,ElasticNet,1.0,-8.866613387755208,LR - ElasticNet
1115,340,3,LR,ElasticNet,20.0,46.741534382417576,LR - ElasticNet
1116,351,3,LR,ElasticNet,1.0,1.2355831752132005,LR - ElasticNet
1117,352,3,LR,ElasticNet,1.0,-10.362331725839226,LR - ElasticNet
1118,353,3,LR,ElasticNet,1.0,-11.246261590688448,LR - ElasticNet
1119,354,3,LR,ElasticNet,2.0,-2.427546885928166,LR - ElasticNet
1120,355,3,LR,ElasticNet,2.0,4.714732638895512,LR - ElasticNet
1121,356,3,LR,ElasticNet,3.0,44.017413707145174,LR - ElasticNet
1122,357,3,LR,ElasticNet,30.0,41.77131695307935,LR - ElasticNet
1123,358,3,LR,ElasticNet,30.0,80.25623630161232,LR - ElasticNet
1124,361,3,LR,ElasticNet,1.0,8.555857164135986,LR - ElasticNet
1125,380,3,LR,ElasticNet,50.0,52.983740271248486,LR - ElasticNet
1126,381,3,LR,ElasticNet,0.0,5.060911021379205,LR - ElasticNet
1127,382,3,LR,ElasticNet,1.0,4.1535249688971305,LR - ElasticNet
1128,383,3,LR,ElasticNet,20.0,38.027421524418756,LR - ElasticNet
1129,397,3,LR,ElasticNet,1.0,39.962638851911805,LR - ElasticNet
1130,398,3,LR,ElasticNet,40.0,54.870342821261985,LR - ElasticNet
1131,408,3,LR,ElasticNet,0.0,-4.290429351245976,LR - ElasticNet
1132,409,3,LR,ElasticNet,2.0,12.510032106985065,LR - ElasticNet
1133,424,3,LR,ElasticNet,10.0,25.990285787079497,LR - ElasticNet
1134,32,3,LR,BayesianRidge,1.0,-2.085432014488724,LR - BayesianRidge
1135,33,3,LR,BayesianRidge,5.0,3.428045024271608,LR - BayesianRidge
1136,34,3,LR,BayesianRidge,5.0,-3.310923620776556,LR - BayesianRidge
1137,35,3,LR,BayesianRidge,10.0,0.7095957053675335,LR - BayesianRidge
1138,36,3,LR,BayesianRidge,15.0,-2.4551982657444213,LR - BayesianRidge
1139,37,3,LR,BayesianRidge,15.0,-3.936822020059253,LR - BayesianRidge
1140,38,3,LR,BayesianRidge,20.0,12.517796149354076,LR - BayesianRidge
1141,39,3,LR,BayesianRidge,25.0,27.72899886519492,LR - BayesianRidge
1142,40,3,LR,BayesianRidge,30.0,34.758339074485406,LR - BayesianRidge
1143,41,3,LR,BayesianRidge,70.0,57.08003453660861,LR - BayesianRidge
1144,66,3,LR,BayesianRidge,5.0,19.496652268340036,LR - BayesianRidge
1145,84,3,LR,BayesianRidge,5.0,42.31581573882474,LR - BayesianRidge
1146,86,3,LR,BayesianRidge,100.0,20.374606935974356,LR - BayesianRidge
1147,87,3,LR,BayesianRidge,100.0,69.47591158129015,LR - BayesianRidge
1148,88,3,LR,BayesianRidge,100.0,40.904654847905604,LR - BayesianRidge
1149,89,3,LR,BayesianRidge,100.0,78.41805183127664,LR - BayesianRidge
1150,98,3,LR,BayesianRidge,0.0,10.028641857579842,LR - BayesianRidge
1151,99,3,LR,BayesianRidge,15.0,29.11914636141339,LR - BayesianRidge
1152,100,3,LR,BayesianRidge,40.0,53.080878241980024,LR - BayesianRidge
1153,111,3,LR,BayesianRidge,5.0,0.17111655804624348,LR - BayesianRidge
1154,121,3,LR,BayesianRidge,90.0,63.303861950555245,LR - BayesianRidge
1155,151,3,LR,BayesianRidge,30.0,46.55347881853007,LR - BayesianRidge
1156,162,3,LR,BayesianRidge,3.0,22.880108205671547,LR - BayesianRidge
1157,163,3,LR,BayesianRidge,20.0,25.314846285758055,LR - BayesianRidge
1158,164,3,LR,BayesianRidge,100.0,38.8963935486931,LR - BayesianRidge
1159,165,3,LR,BayesianRidge,100.0,65.84986891004121,LR - BayesianRidge
1160,253,3,LR,BayesianRidge,2.0,12.433734582376992,LR - BayesianRidge
1161,254,3,LR,BayesianRidge,7.0,19.158160050842117,LR - BayesianRidge
1162,255,3,LR,BayesianRidge,70.0,31.801977022636034,LR - BayesianRidge
1163,256,3,LR,BayesianRidge,92.0,50.393453735136085,LR - BayesianRidge
1164,257,3,LR,BayesianRidge,100.0,68.89072421306595,LR - BayesianRidge
1165,258,3,LR,BayesianRidge,100.0,74.90075388306204,LR - BayesianRidge
1166,259,3,LR,BayesianRidge,100.0,86.51018867828014,LR - BayesianRidge
1167,260,3,LR,BayesianRidge,100.0,95.71863093403155,LR - BayesianRidge
1168,261,3,LR,BayesianRidge,100.0,96.70978991909335,LR - BayesianRidge
1169,262,3,LR,BayesianRidge,100.0,84.28910347898099,LR - BayesianRidge
1170,263,3,LR,BayesianRidge,100.0,71.34078507578792,LR - BayesianRidge
1171,264,3,LR,BayesianRidge,100.0,106.82758123423304,LR - BayesianRidge
1172,265,3,LR,BayesianRidge,100.0,81.64385705604218,LR - BayesianRidge
1173,280,3,LR,BayesianRidge,0.5,33.32225609586674,LR - BayesianRidge
1174,281,3,LR,BayesianRidge,50.0,38.50377777603218,LR - BayesianRidge
1175,282,3,LR,BayesianRidge,50.0,38.50377777603218,LR - BayesianRidge
1176,283,3,LR,BayesianRidge,100.0,59.00359200479005,LR - BayesianRidge
1177,284,3,LR,BayesianRidge,100.0,72.26022758110994,LR - BayesianRidge
1178,285,3,LR,BayesianRidge,100.0,77.22816236599618,LR - BayesianRidge
1179,286,3,LR,BayesianRidge,100.0,88.4631017207124,LR - BayesianRidge
1180,287,3,LR,BayesianRidge,100.0,88.7864224188369,LR - BayesianRidge
1181,288,3,LR,BayesianRidge,100.0,82.02853198404847,LR - BayesianRidge
1182,289,3,LR,BayesianRidge,100.0,78.92270613753335,LR - BayesianRidge
1183,290,3,LR,BayesianRidge,100.0,72.68744685136434,LR - BayesianRidge
1184,291,3,LR,BayesianRidge,100.0,72.88006491470031,LR - BayesianRidge
1185,292,3,LR,BayesianRidge,100.0,69.62504172710835,LR - BayesianRidge
1186,293,3,LR,BayesianRidge,100.0,66.23467479543771,LR - BayesianRidge
1187,294,3,LR,BayesianRidge,25.0,27.133993606815256,LR - BayesianRidge
1188,295,3,LR,BayesianRidge,25.0,37.08108276301053,LR - BayesianRidge
1189,296,3,LR,BayesianRidge,60.0,62.43815398090083,LR - BayesianRidge
1190,297,3,LR,BayesianRidge,65.0,77.49664708383705,LR - BayesianRidge
1191,298,3,LR,BayesianRidge,65.0,83.45782763437123,LR - BayesianRidge
1192,299,3,LR,BayesianRidge,65.0,94.8504989473397,LR - BayesianRidge
1193,300,3,LR,BayesianRidge,65.0,94.8504989473397,LR - BayesianRidge
1194,301,3,LR,BayesianRidge,65.0,95.86187476149948,LR - BayesianRidge
1195,302,3,LR,BayesianRidge,65.0,93.85884488735813,LR - BayesianRidge
1196,303,3,LR,BayesianRidge,100.0,96.22319450880688,LR - BayesianRidge
1197,304,3,LR,BayesianRidge,100.0,94.03526883871186,LR - BayesianRidge
1198,315,3,LR,BayesianRidge,90.0,104.47641160231262,LR - BayesianRidge
1199,316,3,LR,BayesianRidge,100.0,77.97475507440748,LR - BayesianRidge
1200,317,3,LR,BayesianRidge,1.0,17.28636749094895,LR - BayesianRidge
1201,318,3,LR,BayesianRidge,15.0,38.2455281033909,LR - BayesianRidge
1202,319,3,LR,BayesianRidge,70.0,82.70623065034553,LR - BayesianRidge
1203,320,3,LR,BayesianRidge,80.0,78.57424179298384,LR - BayesianRidge
1204,321,3,LR,BayesianRidge,80.0,80.82531265707908,LR - BayesianRidge
1205,322,3,LR,BayesianRidge,80.0,78.00877714568443,LR - BayesianRidge
1206,323,3,LR,BayesianRidge,100.0,75.01391881114355,LR - BayesianRidge
1207,324,3,LR,BayesianRidge,100.0,74.90282983331562,LR - BayesianRidge
1208,325,3,LR,BayesianRidge,100.0,72.64604962463841,LR - BayesianRidge
1209,338,3,LR,BayesianRidge,5.0,23.388551175736872,LR - BayesianRidge
1210,339,3,LR,BayesianRidge,1.0,-8.340869674934709,LR - BayesianRidge
1211,340,3,LR,BayesianRidge,20.0,45.88238687836907,LR - BayesianRidge
1212,351,3,LR,BayesianRidge,1.0,1.2815379447966748,LR - BayesianRidge
1213,352,3,LR,BayesianRidge,1.0,-10.075915612330995,LR - BayesianRidge
1214,353,3,LR,BayesianRidge,1.0,-10.887673597890547,LR - BayesianRidge
1215,354,3,LR,BayesianRidge,2.0,-2.6639603299028707,LR - BayesianRidge
1216,355,3,LR,BayesianRidge,2.0,4.764117446381022,LR - BayesianRidge
1217,356,3,LR,BayesianRidge,3.0,43.6673456377613,LR - BayesianRidge
1218,357,3,LR,BayesianRidge,30.0,41.186427305090064,LR - BayesianRidge
1219,358,3,LR,BayesianRidge,30.0,79.6254890046018,LR - BayesianRidge
1220,361,3,LR,BayesianRidge,1.0,7.658398028692261,LR - BayesianRidge
1221,380,3,LR,BayesianRidge,50.0,52.149642776697256,LR - BayesianRidge
1222,381,3,LR,BayesianRidge,0.0,5.902801096081781,LR - BayesianRidge
1223,382,3,LR,BayesianRidge,1.0,4.988609450078435,LR - BayesianRidge
1224,383,3,LR,BayesianRidge,20.0,38.58930900439367,LR - BayesianRidge
1225,397,3,LR,BayesianRidge,1.0,40.634067619913274,LR - BayesianRidge
1226,398,3,LR,BayesianRidge,40.0,55.07916429255952,LR - BayesianRidge
1227,408,3,LR,BayesianRidge,0.0,-3.724970927120566,LR - BayesianRidge
1228,409,3,LR,BayesianRidge,2.0,13.303617172504946,LR - BayesianRidge
1229,424,3,LR,BayesianRidge,10.0,24.649684872373875,LR - BayesianRidge
1230,32,3,SR,Ridge,1.0,-23.9912477079612,SR - Ridge
1231,33,3,SR,Ridge,5.0,-3.826562468680379,SR - Ridge
1232,34,3,SR,Ridge,5.0,-14.026246974617727,SR - Ridge
1233,35,3,SR,Ridge,10.0,-10.405454827071857,SR - Ridge
1234,36,3,SR,Ridge,15.0,-17.59788782333935,SR - Ridge
1235,37,3,SR,Ridge,15.0,-19.925550882945124,SR - Ridge
1236,38,3,SR,Ridge,20.0,15.364942383417073,SR - Ridge
1237,39,3,SR,Ridge,25.0,28.22405475352477,SR - Ridge
1238,40,3,SR,Ridge,30.0,33.984009119429494,SR - Ridge
1239,41,3,SR,Ridge,70.0,53.73609326486674,SR - Ridge
1240,66,3,SR,Ridge,5.0,26.386563112364023,SR - Ridge
1241,84,3,SR,Ridge,5.0,23.448997939340614,SR - Ridge
1242,86,3,SR,Ridge,100.0,37.80011891427338,SR - Ridge
1243,87,3,SR,Ridge,100.0,76.02800352932067,SR - Ridge
1244,88,3,SR,Ridge,100.0,47.74249792290364,SR - Ridge
1245,89,3,SR,Ridge,100.0,78.97093841961504,SR - Ridge
1246,98,3,SR,Ridge,0.0,-0.8310390704634685,SR - Ridge
1247,99,3,SR,Ridge,15.0,25.992023211580147,SR - Ridge
1248,100,3,SR,Ridge,40.0,46.369578268125366,SR - Ridge
1249,111,3,SR,Ridge,5.0,23.777214904231016,SR - Ridge
1250,121,3,SR,Ridge,90.0,66.210669259833,SR - Ridge
1251,151,3,SR,Ridge,30.0,42.965408091368865,SR - Ridge
1252,162,3,SR,Ridge,3.0,13.403620683321307,SR - Ridge
1253,163,3,SR,Ridge,20.0,17.279179633134305,SR - Ridge
1254,164,3,SR,Ridge,100.0,35.244443807634276,SR - Ridge
1255,165,3,SR,Ridge,100.0,68.64041567270579,SR - Ridge
1256,253,3,SR,Ridge,2.0,6.532184647832786,SR - Ridge
1257,254,3,SR,Ridge,7.0,12.75427629866239,SR - Ridge
1258,255,3,SR,Ridge,70.0,20.65124544876371,SR - Ridge
1259,256,3,SR,Ridge,92.0,45.913169781773064,SR - Ridge
1260,257,3,SR,Ridge,100.0,68.73472438961522,SR - Ridge
1261,258,3,SR,Ridge,100.0,74.39255267038058,SR - Ridge
1262,259,3,SR,Ridge,100.0,86.72916644772215,SR - Ridge
1263,260,3,SR,Ridge,100.0,88.98780451959615,SR - Ridge
1264,261,3,SR,Ridge,100.0,74.24927003642856,SR - Ridge
1265,262,3,SR,Ridge,100.0,82.92632254773847,SR - Ridge
1266,263,3,SR,Ridge,100.0,68.13687291095044,SR - Ridge
1267,264,3,SR,Ridge,100.0,101.04484994184105,SR - Ridge
1268,265,3,SR,Ridge,100.0,77.0907794834066,SR - Ridge
1269,280,3,SR,Ridge,0.5,21.52247259247809,SR - Ridge
1270,281,3,SR,Ridge,50.0,24.089603546166874,SR - Ridge
1271,282,3,SR,Ridge,50.0,24.089603546166874,SR - Ridge
1272,283,3,SR,Ridge,100.0,51.97408461741948,SR - Ridge
1273,284,3,SR,Ridge,100.0,67.52843129324472,SR - Ridge
1274,285,3,SR,Ridge,100.0,71.87182218011537,SR - Ridge
1275,286,3,SR,Ridge,100.0,81.43432886224923,SR - Ridge
1276,287,3,SR,Ridge,100.0,90.24206378579304,SR - Ridge
1277,288,3,SR,Ridge,100.0,89.56197872175582,SR - Ridge
1278,289,3,SR,Ridge,100.0,84.84844318297587,SR - Ridge
1279,290,3,SR,Ridge,100.0,75.44897494358094,SR - Ridge
1280,291,3,SR,Ridge,100.0,75.43745252372429,SR - Ridge
1281,292,3,SR,Ridge,100.0,70.6091637967624,SR - Ridge
1282,293,3,SR,Ridge,100.0,65.65965437012993,SR - Ridge
1283,294,3,SR,Ridge,25.0,21.54406592744778,SR - Ridge
1284,295,3,SR,Ridge,25.0,30.146698872727494,SR - Ridge
1285,296,3,SR,Ridge,60.0,57.77944777828726,SR - Ridge
1286,297,3,SR,Ridge,65.0,71.82102180314303,SR - Ridge
1287,298,3,SR,Ridge,65.0,76.70598804689917,SR - Ridge
1288,299,3,SR,Ridge,65.0,85.43108485014976,SR - Ridge
1289,300,3,SR,Ridge,65.0,85.43108485014976,SR - Ridge
1290,301,3,SR,Ridge,65.0,89.32874631569973,SR - Ridge
1291,302,3,SR,Ridge,65.0,86.31188693710462,SR - Ridge
1292,303,3,SR,Ridge,100.0,89.72417052258926,SR - Ridge
1293,304,3,SR,Ridge,100.0,86.62794434248264,SR - Ridge
1294,315,3,SR,Ridge,90.0,97.13836960928808,SR - Ridge
1295,316,3,SR,Ridge,100.0,70.27709558513251,SR - Ridge
1296,317,3,SR,Ridge,1.0,15.274454524536814,SR - Ridge
1297,318,3,SR,Ridge,15.0,36.668334507944856,SR - Ridge
1298,319,3,SR,Ridge,70.0,66.82859496385916,SR - Ridge
1299,320,3,SR,Ridge,80.0,64.57052698807607,SR - Ridge
1300,321,3,SR,Ridge,80.0,65.6273014653595,SR - Ridge
1301,322,3,SR,Ridge,80.0,68.0395784505601,SR - Ridge
1302,323,3,SR,Ridge,100.0,65.48503984488443,SR - Ridge
1303,324,3,SR,Ridge,100.0,64.01275012801207,SR - Ridge
1304,325,3,SR,Ridge,100.0,61.58113615826882,SR - Ridge
1305,338,3,SR,Ridge,5.0,32.518534697255404,SR - Ridge
1306,339,3,SR,Ridge,1.0,-6.470350549130636,SR - Ridge
1307,340,3,SR,Ridge,20.0,40.352233507523806,SR - Ridge
1308,351,3,SR,Ridge,1.0,-9.554848023965995,SR - Ridge
1309,352,3,SR,Ridge,1.0,-16.73535156118559,SR - Ridge
1310,353,3,SR,Ridge,1.0,-17.675568715202083,SR - Ridge
1311,354,3,SR,Ridge,2.0,-5.980962590770581,SR - Ridge
1312,355,3,SR,Ridge,2.0,1.7728590063821628,SR - Ridge
1313,356,3,SR,Ridge,3.0,45.134286949817685,SR - Ridge
1314,357,3,SR,Ridge,30.0,42.68385257488593,SR - Ridge
1315,358,3,SR,Ridge,30.0,65.45996407848628,SR - Ridge
1316,361,3,SR,Ridge,1.0,2.140384592424411,SR - Ridge
1317,380,3,SR,Ridge,50.0,53.27516331919778,SR - Ridge
1318,381,3,SR,Ridge,0.0,0.9557775795441046,SR - Ridge
1319,382,3,SR,Ridge,1.0,6.259099365137697,SR - Ridge
1320,383,3,SR,Ridge,20.0,42.393224981796166,SR - Ridge
1321,397,3,SR,Ridge,1.0,47.26147081010508,SR - Ridge
1322,398,3,SR,Ridge,40.0,49.26397395129875,SR - Ridge
1323,408,3,SR,Ridge,0.0,2.109819992327836,SR - Ridge
1324,409,3,SR,Ridge,2.0,22.32116009383428,SR - Ridge
1325,424,3,SR,Ridge,10.0,25.640559798376728,SR - Ridge
1326,32,3,SR,ElasticNet,1.0,-17.99225337186615,SR - ElasticNet
1327,33,3,SR,ElasticNet,5.0,-4.416460444015733,SR - ElasticNet
1328,34,3,SR,ElasticNet,5.0,-13.513288326047856,SR - ElasticNet
1329,35,3,SR,ElasticNet,10.0,-10.801029620577836,SR - ElasticNet
1330,36,3,SR,ElasticNet,15.0,-17.692236740837437,SR - ElasticNet
1331,37,3,SR,ElasticNet,15.0,-20.051326402403703,SR - ElasticNet
1332,38,3,SR,ElasticNet,20.0,16.397966159184698,SR - ElasticNet
1333,39,3,SR,ElasticNet,25.0,28.628393778440312,SR - ElasticNet
1334,40,3,SR,ElasticNet,30.0,34.16773502208868,SR - ElasticNet
1335,41,3,SR,ElasticNet,70.0,54.26191981622394,SR - ElasticNet
1336,66,3,SR,ElasticNet,5.0,26.972103766557947,SR - ElasticNet
1337,84,3,SR,ElasticNet,5.0,25.875644518950445,SR - ElasticNet
1338,86,3,SR,ElasticNet,100.0,36.21796866502562,SR - ElasticNet
1339,87,3,SR,ElasticNet,100.0,75.23645938165157,SR - ElasticNet
1340,88,3,SR,ElasticNet,100.0,47.5862669018085,SR - ElasticNet
1341,89,3,SR,ElasticNet,100.0,77.98114577133732,SR - ElasticNet
1342,98,3,SR,ElasticNet,0.0,-1.7996323328967208,SR - ElasticNet
1343,99,3,SR,ElasticNet,15.0,25.186127833813508,SR - ElasticNet
1344,100,3,SR,ElasticNet,40.0,46.44932081179276,SR - ElasticNet
1345,111,3,SR,ElasticNet,5.0,21.40081480467719,SR - ElasticNet
1346,121,3,SR,ElasticNet,90.0,66.39584974632606,SR - ElasticNet
1347,151,3,SR,ElasticNet,30.0,41.43829405141281,SR - ElasticNet
1348,162,3,SR,ElasticNet,3.0,14.083749411749743,SR - ElasticNet
1349,163,3,SR,ElasticNet,20.0,17.641209277230068,SR - ElasticNet
1350,164,3,SR,ElasticNet,100.0,34.054038616618925,SR - ElasticNet
1351,165,3,SR,ElasticNet,100.0,67.00282426627881,SR - ElasticNet
1352,253,3,SR,ElasticNet,2.0,6.1739627430530035,SR - ElasticNet
1353,254,3,SR,ElasticNet,7.0,12.728913219725818,SR - ElasticNet
1354,255,3,SR,ElasticNet,70.0,23.200774396088498,SR - ElasticNet
1355,256,3,SR,ElasticNet,92.0,46.199105409444975,SR - ElasticNet
1356,257,3,SR,ElasticNet,100.0,67.85013701321049,SR - ElasticNet
1357,258,3,SR,ElasticNet,100.0,73.5744617507589,SR - ElasticNet
1358,259,3,SR,ElasticNet,100.0,85.79608603362603,SR - ElasticNet
1359,260,3,SR,ElasticNet,100.0,86.6114418339458,SR - ElasticNet
1360,261,3,SR,ElasticNet,100.0,71.87672465811805,SR - ElasticNet
1361,262,3,SR,ElasticNet,100.0,81.61076235555217,SR - ElasticNet
1362,263,3,SR,ElasticNet,100.0,66.71796413840961,SR - ElasticNet
1363,264,3,SR,ElasticNet,100.0,99.47287723815067,SR - ElasticNet
1364,265,3,SR,ElasticNet,100.0,74.83113743422797,SR - ElasticNet
1365,280,3,SR,ElasticNet,0.5,21.222255528101435,SR - ElasticNet
1366,281,3,SR,ElasticNet,50.0,23.914650786955452,SR - ElasticNet
1367,282,3,SR,ElasticNet,50.0,23.914650786955452,SR - ElasticNet
1368,283,3,SR,ElasticNet,100.0,51.5842109222663,SR - ElasticNet
1369,284,3,SR,ElasticNet,100.0,67.4675573139008,SR - ElasticNet
1370,285,3,SR,ElasticNet,100.0,72.04994927113327,SR - ElasticNet
1371,286,3,SR,ElasticNet,100.0,82.15485174558856,SR - ElasticNet
1372,287,3,SR,ElasticNet,100.0,89.4056838654996,SR - ElasticNet
1373,288,3,SR,ElasticNet,100.0,88.3870666645114,SR - ElasticNet
1374,289,3,SR,ElasticNet,100.0,83.95633289548385,SR - ElasticNet
1375,290,3,SR,ElasticNet,100.0,75.0623364196627,SR - ElasticNet
1376,291,3,SR,ElasticNet,100.0,74.01665264015753,SR - ElasticNet
1377,292,3,SR,ElasticNet,100.0,69.36002406580772,SR - ElasticNet
1378,293,3,SR,ElasticNet,100.0,64.55637892877134,SR - ElasticNet
1379,294,3,SR,ElasticNet,25.0,21.04382472787583,SR - ElasticNet
1380,295,3,SR,ElasticNet,25.0,29.199634902775625,SR - ElasticNet
1381,296,3,SR,ElasticNet,60.0,55.68315679325136,SR - ElasticNet
1382,297,3,SR,ElasticNet,65.0,69.97562328766193,SR - ElasticNet
1383,298,3,SR,ElasticNet,65.0,75.11490145265498,SR - ElasticNet
1384,299,3,SR,ElasticNet,65.0,84.45794454407323,SR - ElasticNet
1385,300,3,SR,ElasticNet,65.0,84.45794454407323,SR - ElasticNet
1386,301,3,SR,ElasticNet,65.0,88.36522952520399,SR - ElasticNet
1387,302,3,SR,ElasticNet,65.0,85.7099466295184,SR - ElasticNet
1388,303,3,SR,ElasticNet,100.0,88.36437520036144,SR - ElasticNet
1389,304,3,SR,ElasticNet,100.0,85.5981918327345,SR - ElasticNet
1390,315,3,SR,ElasticNet,90.0,95.31930203686389,SR - ElasticNet
1391,316,3,SR,ElasticNet,100.0,70.75825426456552,SR - ElasticNet
1392,317,3,SR,ElasticNet,1.0,16.352638086069113,SR - ElasticNet
1393,318,3,SR,ElasticNet,15.0,36.983361749929884,SR - ElasticNet
1394,319,3,SR,ElasticNet,70.0,68.1069479292538,SR - ElasticNet
1395,320,3,SR,ElasticNet,80.0,66.25224899213565,SR - ElasticNet
1396,321,3,SR,ElasticNet,80.0,68.02541941510465,SR - ElasticNet
1397,322,3,SR,ElasticNet,80.0,69.03333078957317,SR - ElasticNet
1398,323,3,SR,ElasticNet,100.0,66.52540710361636,SR - ElasticNet
1399,324,3,SR,ElasticNet,100.0,65.54444581095102,SR - ElasticNet
1400,325,3,SR,ElasticNet,100.0,63.359177789782045,SR - ElasticNet
1401,338,3,SR,ElasticNet,5.0,33.29297907210519,SR - ElasticNet
1402,339,3,SR,ElasticNet,1.0,-6.1277102131845425,SR - ElasticNet
1403,340,3,SR,ElasticNet,20.0,40.05166214466095,SR - ElasticNet
1404,351,3,SR,ElasticNet,1.0,-8.284201481502777,SR - ElasticNet
1405,352,3,SR,ElasticNet,1.0,-16.305784612452065,SR - ElasticNet
1406,353,3,SR,ElasticNet,1.0,-16.86808489877226,SR - ElasticNet
1407,354,3,SR,ElasticNet,2.0,-6.455086722896624,SR - ElasticNet
1408,355,3,SR,ElasticNet,2.0,2.405311368625661,SR - ElasticNet
1409,356,3,SR,ElasticNet,3.0,45.235221563421035,SR - ElasticNet
1410,357,3,SR,ElasticNet,30.0,41.55593905741904,SR - ElasticNet
1411,358,3,SR,ElasticNet,30.0,66.99857320057265,SR - ElasticNet
1412,361,3,SR,ElasticNet,1.0,0.6521137962722037,SR - ElasticNet
1413,380,3,SR,ElasticNet,50.0,52.874758667377655,SR - ElasticNet
1414,381,3,SR,ElasticNet,0.0,2.7884200016653296,SR - ElasticNet
1415,382,3,SR,ElasticNet,1.0,6.006732958381473,SR - ElasticNet
1416,383,3,SR,ElasticNet,20.0,41.01664375136916,SR - ElasticNet
1417,397,3,SR,ElasticNet,1.0,48.35259393169166,SR - ElasticNet
1418,398,3,SR,ElasticNet,40.0,50.3079834197041,SR - ElasticNet
1419,408,3,SR,ElasticNet,0.0,1.556752766485971,SR - ElasticNet
1420,409,3,SR,ElasticNet,2.0,22.142245759337133,SR - ElasticNet
1421,424,3,SR,ElasticNet,10.0,23.91870329167838,SR - ElasticNet
1422,32,3,SR,BayesianRidge,1.0,-13.83599715770692,SR - BayesianRidge
1423,33,3,SR,BayesianRidge,5.0,-5.130715949304587,SR - BayesianRidge
1424,34,3,SR,BayesianRidge,5.0,-12.928614256786759,SR - BayesianRidge
1425,35,3,SR,BayesianRidge,10.0,-10.76650713326569,SR - BayesianRidge
1426,36,3,SR,BayesianRidge,15.0,-17.08379245016124,SR - BayesianRidge
1427,37,3,SR,BayesianRidge,15.0,-19.35735617681361,SR - BayesianRidge
1428,38,3,SR,BayesianRidge,20.0,17.283261945639172,SR - BayesianRidge
1429,39,3,SR,BayesianRidge,25.0,29.147935633761676,SR - BayesianRidge
1430,40,3,SR,BayesianRidge,30.0,34.448779984194324,SR - BayesianRidge
1431,41,3,SR,BayesianRidge,70.0,54.38385781394421,SR - BayesianRidge
1432,66,3,SR,BayesianRidge,5.0,27.607907540451947,SR - BayesianRidge
1433,84,3,SR,BayesianRidge,5.0,28.00825608169608,SR - BayesianRidge
1434,86,3,SR,BayesianRidge,100.0,35.032937536359526,SR - BayesianRidge
1435,87,3,SR,BayesianRidge,100.0,74.7563120276129,SR - BayesianRidge
1436,88,3,SR,BayesianRidge,100.0,47.487660705262115,SR - BayesianRidge
1437,89,3,SR,BayesianRidge,100.0,77.61188683770716,SR - BayesianRidge
1438,98,3,SR,BayesianRidge,0.0,-2.8355916596953605,SR - BayesianRidge
1439,99,3,SR,BayesianRidge,15.0,24.33566209746737,SR - BayesianRidge
1440,100,3,SR,BayesianRidge,40.0,46.28559598571705,SR - BayesianRidge
1441,111,3,SR,BayesianRidge,5.0,19.99679984001832,SR - BayesianRidge
1442,121,3,SR,BayesianRidge,90.0,67.09059073123981,SR - BayesianRidge
1443,151,3,SR,BayesianRidge,30.0,39.470318578892915,SR - BayesianRidge
1444,162,3,SR,BayesianRidge,3.0,15.135116139782554,SR - BayesianRidge
1445,163,3,SR,BayesianRidge,20.0,18.345142418507784,SR - BayesianRidge
1446,164,3,SR,BayesianRidge,100.0,33.197969525377225,SR - BayesianRidge
1447,165,3,SR,BayesianRidge,100.0,65.67897102015552,SR - BayesianRidge
1448,253,3,SR,BayesianRidge,2.0,6.007924818495297,SR - BayesianRidge
1449,254,3,SR,BayesianRidge,7.0,12.771874705774884,SR - BayesianRidge
1450,255,3,SR,BayesianRidge,70.0,25.11505682469696,SR - BayesianRidge
1451,256,3,SR,BayesianRidge,92.0,46.0941370267183,SR - BayesianRidge
1452,257,3,SR,BayesianRidge,100.0,66.90973421639865,SR - BayesianRidge
1453,258,3,SR,BayesianRidge,100.0,72.86078556502213,SR - BayesianRidge
1454,259,3,SR,BayesianRidge,100.0,85.35272433448176,SR - BayesianRidge
1455,260,3,SR,BayesianRidge,100.0,84.96810708672493,SR - BayesianRidge
1456,261,3,SR,BayesianRidge,100.0,70.22255413923236,SR - BayesianRidge
1457,262,3,SR,BayesianRidge,100.0,80.7506817198452,SR - BayesianRidge
1458,263,3,SR,BayesianRidge,100.0,65.68547195563023,SR - BayesianRidge
1459,264,3,SR,BayesianRidge,100.0,98.19077863155476,SR - BayesianRidge
1460,265,3,SR,BayesianRidge,100.0,72.80071761290911,SR - BayesianRidge
1461,280,3,SR,BayesianRidge,0.5,21.121377710298727,SR - BayesianRidge
1462,281,3,SR,BayesianRidge,50.0,23.989468682161316,SR - BayesianRidge
1463,282,3,SR,BayesianRidge,50.0,23.989468682161316,SR - BayesianRidge
1464,283,3,SR,BayesianRidge,100.0,51.64306023505475,SR - BayesianRidge
1465,284,3,SR,BayesianRidge,100.0,67.75944280466263,SR - BayesianRidge
1466,285,3,SR,BayesianRidge,100.0,72.44708423527376,SR - BayesianRidge
1467,286,3,SR,BayesianRidge,100.0,82.763397504281,SR - BayesianRidge
1468,287,3,SR,BayesianRidge,100.0,88.81916955451015,SR - BayesianRidge
1469,288,3,SR,BayesianRidge,100.0,87.79883897538173,SR - BayesianRidge
1470,289,3,SR,BayesianRidge,100.0,83.60892603465936,SR - BayesianRidge
1471,290,3,SR,BayesianRidge,100.0,75.14551020893408,SR - BayesianRidge
1472,291,3,SR,BayesianRidge,100.0,73.2268536047576,SR - BayesianRidge
1473,292,3,SR,BayesianRidge,100.0,68.72672461869283,SR - BayesianRidge
1474,293,3,SR,BayesianRidge,100.0,64.06453665380886,SR - BayesianRidge
1475,294,3,SR,BayesianRidge,25.0,20.41567769187741,SR - BayesianRidge
1476,295,3,SR,BayesianRidge,25.0,28.40530899797369,SR - BayesianRidge
1477,296,3,SR,BayesianRidge,60.0,54.05560354752056,SR - BayesianRidge
1478,297,3,SR,BayesianRidge,65.0,68.78974895872346,SR - BayesianRidge
1479,298,3,SR,BayesianRidge,65.0,74.27306124893497,SR - BayesianRidge
1480,299,3,SR,BayesianRidge,65.0,84.41364574387126,SR - BayesianRidge
1481,300,3,SR,BayesianRidge,65.0,84.41364574387126,SR - BayesianRidge
1482,301,3,SR,BayesianRidge,65.0,88.18116237264255,SR - BayesianRidge
1483,302,3,SR,BayesianRidge,65.0,85.81859489597261,SR - BayesianRidge
1484,303,3,SR,BayesianRidge,100.0,87.79612175763882,SR - BayesianRidge
1485,304,3,SR,BayesianRidge,100.0,85.30205541907202,SR - BayesianRidge
1486,315,3,SR,BayesianRidge,90.0,93.75138463760598,SR - BayesianRidge
1487,316,3,SR,BayesianRidge,100.0,70.80374352568651,SR - BayesianRidge
1488,317,3,SR,BayesianRidge,1.0,17.899526110946816,SR - BayesianRidge
1489,318,3,SR,BayesianRidge,15.0,37.88547124627459,SR - BayesianRidge
1490,319,3,SR,BayesianRidge,70.0,68.81248656808913,SR - BayesianRidge
1491,320,3,SR,BayesianRidge,80.0,67.37068467204772,SR - BayesianRidge
1492,321,3,SR,BayesianRidge,80.0,69.91902710424816,SR - BayesianRidge
1493,322,3,SR,BayesianRidge,80.0,69.83322924899893,SR - BayesianRidge
1494,323,3,SR,BayesianRidge,100.0,67.51165281115465,SR - BayesianRidge
1495,324,3,SR,BayesianRidge,100.0,67.00407437373768,SR - BayesianRidge
1496,325,3,SR,BayesianRidge,100.0,65.00126077892737,SR - BayesianRidge
1497,338,3,SR,BayesianRidge,5.0,34.63300347470048,SR - BayesianRidge
1498,339,3,SR,BayesianRidge,1.0,-5.945945002418256,SR - BayesianRidge
1499,340,3,SR,BayesianRidge,20.0,39.61351071888856,SR - BayesianRidge
1500,351,3,SR,BayesianRidge,1.0,-7.015512965625597,SR - BayesianRidge
1501,352,3,SR,BayesianRidge,1.0,-15.830417421483226,SR - BayesianRidge
1502,353,3,SR,BayesianRidge,1.0,-16.124689460728682,SR - BayesianRidge
1503,354,3,SR,BayesianRidge,2.0,-6.907918566360706,SR - BayesianRidge
1504,355,3,SR,BayesianRidge,2.0,2.683331267909331,SR - BayesianRidge
1505,356,3,SR,BayesianRidge,3.0,44.79742496551782,SR - BayesianRidge
1506,357,3,SR,BayesianRidge,30.0,41.481811786828914,SR - BayesianRidge
1507,358,3,SR,BayesianRidge,30.0,67.83716060809998,SR - BayesianRidge
1508,361,3,SR,BayesianRidge,1.0,-0.18646086035725773,SR - BayesianRidge
1509,380,3,SR,BayesianRidge,50.0,52.15803647399093,SR - BayesianRidge
1510,381,3,SR,BayesianRidge,0.0,4.342096743465234,SR - BayesianRidge
1511,382,3,SR,BayesianRidge,1.0,5.796084505315299,SR - BayesianRidge
1512,383,3,SR,BayesianRidge,20.0,40.37118194725987,SR - BayesianRidge
1513,397,3,SR,BayesianRidge,1.0,48.939219405532725,SR - BayesianRidge
1514,398,3,SR,BayesianRidge,40.0,51.121358529665784,SR - BayesianRidge
1515,408,3,SR,BayesianRidge,0.0,0.8859811095200172,SR - BayesianRidge
1516,409,3,SR,BayesianRidge,2.0,22.0501598063548,SR - BayesianRidge
1517,424,3,SR,BayesianRidge,10.0,22.747414662992597,SR - BayesianRidge
1518,53,4,LR,Ridge,50.0,40.66410772729799,LR - Ridge
1519,62,4,LR,Ridge,1.0,5.896779140067828,LR - Ridge
1520,63,4,LR,Ridge,50.0,23.611424906076987,LR - Ridge
1521,69,4,LR,Ridge,0.0,-7.240480917633988,LR - Ridge
1522,70,4,LR,Ridge,1.0,-7.240480917633988,LR - Ridge
1523,71,4,LR,Ridge,2.0,24.41666845411801,LR - Ridge
1524,74,4,LR,Ridge,15.0,21.324556407429746,LR - Ridge
1525,79,4,LR,Ridge,1.0,5.847648093824709,LR - Ridge
1526,80,4,LR,Ridge,1.0,9.943995216000552,LR - Ridge
1527,81,4,LR,Ridge,3.0,45.29999154523027,LR - Ridge
1528,82,4,LR,Ridge,70.0,58.01608655012446,LR - Ridge
1529,90,4,LR,Ridge,10.0,35.4030842216155,LR - Ridge
1530,91,4,LR,Ridge,30.0,76.61146381233664,LR - Ridge
1531,92,4,LR,Ridge,5.0,18.933230608522365,LR - Ridge
1532,95,4,LR,Ridge,3.0,5.5136782716326636,LR - Ridge
1533,96,4,LR,Ridge,5.0,8.977953518222694,LR - Ridge
1534,97,4,LR,Ridge,70.0,77.77972271772333,LR - Ridge
1535,109,4,LR,Ridge,70.0,81.22166227323848,LR - Ridge
1536,113,4,LR,Ridge,3.0,10.688514399958809,LR - Ridge
1537,114,4,LR,Ridge,5.0,9.112705273879264,LR - Ridge
1538,115,4,LR,Ridge,7.0,8.300231367695407,LR - Ridge
1539,116,4,LR,Ridge,20.0,13.243813267766399,LR - Ridge
1540,118,4,LR,Ridge,3.0,14.008227277164789,LR - Ridge
1541,119,4,LR,Ridge,5.0,17.074579420889123,LR - Ridge
1542,120,4,LR,Ridge,70.0,72.16630647221297,LR - Ridge
1543,135,4,LR,Ridge,5.0,2.6188509405932834,LR - Ridge
1544,136,4,LR,Ridge,50.0,58.238087896664496,LR - Ridge
1545,205,4,LR,Ridge,1.0,9.73458398392706,LR - Ridge
1546,206,4,LR,Ridge,5.0,13.207180459306358,LR - Ridge
1547,207,4,LR,Ridge,5.0,31.884717751622475,LR - Ridge
1548,208,4,LR,Ridge,80.0,66.21267039591508,LR - Ridge
1549,209,4,LR,Ridge,80.0,74.98473497708753,LR - Ridge
1550,210,4,LR,Ridge,80.0,85.66328669741756,LR - Ridge
1551,211,4,LR,Ridge,80.0,69.38671421382413,LR - Ridge
1552,212,4,LR,Ridge,80.0,69.3127888624067,LR - Ridge
1553,213,4,LR,Ridge,80.0,80.43913835989979,LR - Ridge
1554,214,4,LR,Ridge,80.0,83.16690420842534,LR - Ridge
1555,215,4,LR,Ridge,80.0,80.29861954792779,LR - Ridge
1556,216,4,LR,Ridge,10.0,37.23649101159653,LR - Ridge
1557,217,4,LR,Ridge,30.0,24.66752717645675,LR - Ridge
1558,218,4,LR,Ridge,30.0,26.131699722298777,LR - Ridge
1559,219,4,LR,Ridge,100.0,40.75287577520126,LR - Ridge
1560,220,4,LR,Ridge,100.0,53.29823408974069,LR - Ridge
1561,224,4,LR,Ridge,1.0,28.9721868189304,LR - Ridge
1562,225,4,LR,Ridge,15.0,28.9721868189304,LR - Ridge
1563,226,4,LR,Ridge,30.0,32.01016741599629,LR - Ridge
1564,227,4,LR,Ridge,90.0,84.7870622646899,LR - Ridge
1565,228,4,LR,Ridge,100.0,99.82312938893935,LR - Ridge
1566,229,4,LR,Ridge,100.0,78.14896689185727,LR - Ridge
1567,247,4,LR,Ridge,0.3,17.73476453268926,LR - Ridge
1568,248,4,LR,Ridge,0.5,17.73476453268926,LR - Ridge
1569,249,4,LR,Ridge,30.0,28.19375133338152,LR - Ridge
1570,250,4,LR,Ridge,100.0,95.14234728606962,LR - Ridge
1571,251,4,LR,Ridge,100.0,79.98648934453225,LR - Ridge
1572,252,4,LR,Ridge,100.0,80.6331787462656,LR - Ridge
1573,305,4,LR,Ridge,10.0,6.301848833130208,LR - Ridge
1574,306,4,LR,Ridge,70.0,17.555261364845933,LR - Ridge
1575,307,4,LR,Ridge,100.0,92.87646123618521,LR - Ridge
1576,308,4,LR,Ridge,100.0,68.05600893240086,LR - Ridge
1577,342,4,LR,Ridge,5.0,6.1694911933215835,LR - Ridge
1578,371,4,LR,Ridge,2.0,-12.487533806196105,LR - Ridge
1579,372,4,LR,Ridge,20.0,44.06373518428969,LR - Ridge
1580,391,4,LR,Ridge,2.0,-7.1705516945835015,LR - Ridge
1581,392,4,LR,Ridge,2.0,30.426707228818575,LR - Ridge
1582,414,4,LR,Ridge,20.0,13.474031628730181,LR - Ridge
1583,415,4,LR,Ridge,20.0,19.748382697448598,LR - Ridge
1584,419,4,LR,Ridge,5.0,10.827378163814515,LR - Ridge
1585,420,4,LR,Ridge,1.0,22.967463419137218,LR - Ridge
1586,421,4,LR,Ridge,5.0,41.328722016715155,LR - Ridge
1587,53,4,LR,ElasticNet,50.0,40.528055256815755,LR - ElasticNet
1588,62,4,LR,ElasticNet,1.0,6.982421382254138,LR - ElasticNet
1589,63,4,LR,ElasticNet,50.0,23.906843008290004,LR - ElasticNet
1590,69,4,LR,ElasticNet,0.0,-7.387278892385041,LR - ElasticNet
1591,70,4,LR,ElasticNet,1.0,-7.387278892385041,LR - ElasticNet
1592,71,4,LR,ElasticNet,2.0,26.652703560732874,LR - ElasticNet
1593,74,4,LR,ElasticNet,15.0,23.067568412058655,LR - ElasticNet
1594,79,4,LR,ElasticNet,1.0,5.851063204267312,LR - ElasticNet
1595,80,4,LR,ElasticNet,1.0,10.273331389972196,LR - ElasticNet
1596,81,4,LR,ElasticNet,3.0,45.897829070779125,LR - ElasticNet
1597,82,4,LR,ElasticNet,70.0,57.75303401998261,LR - ElasticNet
1598,90,4,LR,ElasticNet,10.0,35.8460805384942,LR - ElasticNet
1599,91,4,LR,ElasticNet,30.0,77.06451761981967,LR - ElasticNet
1600,92,4,LR,ElasticNet,5.0,20.45630599454243,LR - ElasticNet
1601,95,4,LR,ElasticNet,3.0,5.478533846081561,LR - ElasticNet
1602,96,4,LR,ElasticNet,5.0,9.280471108735647,LR - ElasticNet
1603,97,4,LR,ElasticNet,70.0,77.00155900433029,LR - ElasticNet
1604,109,4,LR,ElasticNet,70.0,81.75856354617147,LR - ElasticNet
1605,113,4,LR,ElasticNet,3.0,10.496665984044,LR - ElasticNet
1606,114,4,LR,ElasticNet,5.0,9.659864625022088,LR - ElasticNet
1607,115,4,LR,ElasticNet,7.0,9.149170112059068,LR - ElasticNet
1608,116,4,LR,ElasticNet,20.0,13.179682834803256,LR - ElasticNet
1609,118,4,LR,ElasticNet,3.0,13.906934406256681,LR - ElasticNet
1610,119,4,LR,ElasticNet,5.0,16.620054379663856,LR - ElasticNet
1611,120,4,LR,ElasticNet,70.0,70.77683876937263,LR - ElasticNet
1612,135,4,LR,ElasticNet,5.0,1.9843428730070443,LR - ElasticNet
1613,136,4,LR,ElasticNet,50.0,57.2729296210629,LR - ElasticNet
1614,205,4,LR,ElasticNet,1.0,9.356958217042944,LR - ElasticNet
1615,206,4,LR,ElasticNet,5.0,12.723891331724516,LR - ElasticNet
1616,207,4,LR,ElasticNet,5.0,31.204273561570904,LR - ElasticNet
1617,208,4,LR,ElasticNet,80.0,64.55079730466753,LR - ElasticNet
1618,209,4,LR,ElasticNet,80.0,73.26295384107289,LR - ElasticNet
1619,210,4,LR,ElasticNet,80.0,83.53372868524262,LR - ElasticNet
1620,211,4,LR,ElasticNet,80.0,66.16614917866646,LR - ElasticNet
1621,212,4,LR,ElasticNet,80.0,67.3205607120385,LR - ElasticNet
1622,213,4,LR,ElasticNet,80.0,79.7013877906478,LR - ElasticNet
1623,214,4,LR,ElasticNet,80.0,83.18733272956894,LR - ElasticNet
1624,215,4,LR,ElasticNet,80.0,80.27271517037784,LR - ElasticNet
1625,216,4,LR,ElasticNet,10.0,35.23626810022367,LR - ElasticNet
1626,217,4,LR,ElasticNet,30.0,23.139628952025614,LR - ElasticNet
1627,218,4,LR,ElasticNet,30.0,25.22090613631788,LR - ElasticNet
1628,219,4,LR,ElasticNet,100.0,39.34450438147866,LR - ElasticNet
1629,220,4,LR,ElasticNet,100.0,50.58519397348282,LR - ElasticNet
1630,224,4,LR,ElasticNet,1.0,28.57025596056547,LR - ElasticNet
1631,225,4,LR,ElasticNet,15.0,28.57025596056547,LR - ElasticNet
1632,226,4,LR,ElasticNet,30.0,31.820088869694644,LR - ElasticNet
1633,227,4,LR,ElasticNet,90.0,84.3606634114434,LR - ElasticNet
1634,228,4,LR,ElasticNet,100.0,98.38623498235035,LR - ElasticNet
1635,229,4,LR,ElasticNet,100.0,77.04917377255802,LR - ElasticNet
1636,247,4,LR,ElasticNet,0.3,16.302581399048485,LR - ElasticNet
1637,248,4,LR,ElasticNet,0.5,16.302581399048485,LR - ElasticNet
1638,249,4,LR,ElasticNet,30.0,26.330351080576197,LR - ElasticNet
1639,250,4,LR,ElasticNet,100.0,93.56378116543203,LR - ElasticNet
1640,251,4,LR,ElasticNet,100.0,79.6511541926271,LR - ElasticNet
1641,252,4,LR,ElasticNet,100.0,79.91987146170982,LR - ElasticNet
1642,305,4,LR,ElasticNet,10.0,5.906697178861734,LR - ElasticNet
1643,306,4,LR,ElasticNet,70.0,17.178589017915854,LR - ElasticNet
1644,307,4,LR,ElasticNet,100.0,92.15175725575034,LR - ElasticNet
1645,308,4,LR,ElasticNet,100.0,67.1108202073163,LR - ElasticNet
1646,342,4,LR,ElasticNet,5.0,6.086207654291556,LR - ElasticNet
1647,371,4,LR,ElasticNet,2.0,-12.28792987194008,LR - ElasticNet
1648,372,4,LR,ElasticNet,20.0,44.535175636981236,LR - ElasticNet
1649,391,4,LR,ElasticNet,2.0,-6.380045177069327,LR - ElasticNet
1650,392,4,LR,ElasticNet,2.0,31.44497763428043,LR - ElasticNet
1651,414,4,LR,ElasticNet,20.0,14.558114064137612,LR - ElasticNet
1652,415,4,LR,ElasticNet,20.0,20.436330597401906,LR - ElasticNet
1653,419,4,LR,ElasticNet,5.0,9.162823757629486,LR - ElasticNet
1654,420,4,LR,ElasticNet,1.0,24.528527420002035,LR - ElasticNet
1655,421,4,LR,ElasticNet,5.0,40.59462153660418,LR - ElasticNet
1656,53,4,LR,BayesianRidge,50.0,40.44635945465858,LR - BayesianRidge
1657,62,4,LR,BayesianRidge,1.0,8.525801014554133,LR - BayesianRidge
1658,63,4,LR,BayesianRidge,50.0,24.297944401912787,LR - BayesianRidge
1659,69,4,LR,BayesianRidge,0.0,-7.045417199749544,LR - BayesianRidge
1660,70,4,LR,BayesianRidge,1.0,-7.045417199749544,LR - BayesianRidge
1661,71,4,LR,BayesianRidge,2.0,29.161242757694374,LR - BayesianRidge
1662,74,4,LR,BayesianRidge,15.0,25.556162488203157,LR - BayesianRidge
1663,79,4,LR,BayesianRidge,1.0,5.758862351701545,LR - BayesianRidge
1664,80,4,LR,BayesianRidge,1.0,10.77850358347117,LR - BayesianRidge
1665,81,4,LR,BayesianRidge,3.0,46.266548574923675,LR - BayesianRidge
1666,82,4,LR,BayesianRidge,70.0,57.06208041587196,LR - BayesianRidge
1667,90,4,LR,BayesianRidge,10.0,36.485046493064495,LR - BayesianRidge
1668,91,4,LR,BayesianRidge,30.0,77.29861358206418,LR - BayesianRidge
1669,92,4,LR,BayesianRidge,5.0,22.256938516636076,LR - BayesianRidge
1670,95,4,LR,BayesianRidge,3.0,5.4940971980775615,LR - BayesianRidge
1671,96,4,LR,BayesianRidge,5.0,10.004022497908846,LR - BayesianRidge
1672,97,4,LR,BayesianRidge,70.0,75.8958982336978,LR - BayesianRidge
1673,109,4,LR,BayesianRidge,70.0,82.72119290378072,LR - BayesianRidge
1674,113,4,LR,BayesianRidge,3.0,10.150931127960924,LR - BayesianRidge
1675,114,4,LR,BayesianRidge,5.0,10.445643651792412,LR - BayesianRidge
1676,115,4,LR,BayesianRidge,7.0,10.43862893946659,LR - BayesianRidge
1677,116,4,LR,BayesianRidge,20.0,13.451907046080407,LR - BayesianRidge
1678,118,4,LR,BayesianRidge,3.0,13.264989092493998,LR - BayesianRidge
1679,119,4,LR,BayesianRidge,5.0,15.815542068931741,LR - BayesianRidge
1680,120,4,LR,BayesianRidge,70.0,68.82160794296571,LR - BayesianRidge
1681,135,4,LR,BayesianRidge,5.0,1.4855509804457014,LR - BayesianRidge
1682,136,4,LR,BayesianRidge,50.0,56.19485513295623,LR - BayesianRidge
1683,205,4,LR,BayesianRidge,1.0,8.737786095120164,LR - BayesianRidge
1684,206,4,LR,BayesianRidge,5.0,11.987814761125826,LR - BayesianRidge
1685,207,4,LR,BayesianRidge,5.0,30.211456099744534,LR - BayesianRidge
1686,208,4,LR,BayesianRidge,80.0,62.04053108423244,LR - BayesianRidge
1687,209,4,LR,BayesianRidge,80.0,70.68292303770276,LR - BayesianRidge
1688,210,4,LR,BayesianRidge,80.0,80.52380935445116,LR - BayesianRidge
1689,211,4,LR,BayesianRidge,80.0,61.64001405087424,LR - BayesianRidge
1690,212,4,LR,BayesianRidge,80.0,64.29369148432326,LR - BayesianRidge
1691,213,4,LR,BayesianRidge,80.0,78.01434841663627,LR - BayesianRidge
1692,214,4,LR,BayesianRidge,80.0,82.63466749353529,LR - BayesianRidge
1693,215,4,LR,BayesianRidge,80.0,79.40987645264062,LR - BayesianRidge
1694,216,4,LR,BayesianRidge,10.0,32.26625686748707,LR - BayesianRidge
1695,217,4,LR,BayesianRidge,30.0,21.08586233411457,LR - BayesianRidge
1696,218,4,LR,BayesianRidge,30.0,23.977412954626125,LR - BayesianRidge
1697,219,4,LR,BayesianRidge,100.0,37.41891930616007,LR - BayesianRidge
1698,220,4,LR,BayesianRidge,100.0,47.15966005028393,LR - BayesianRidge
1699,224,4,LR,BayesianRidge,1.0,27.71115261521323,LR - BayesianRidge
1700,225,4,LR,BayesianRidge,15.0,27.71115261521323,LR - BayesianRidge
1701,226,4,LR,BayesianRidge,30.0,31.51285014146195,LR - BayesianRidge
1702,227,4,LR,BayesianRidge,90.0,83.50260373707599,LR - BayesianRidge
1703,228,4,LR,BayesianRidge,100.0,96.2549929953056,LR - BayesianRidge
1704,229,4,LR,BayesianRidge,100.0,75.02518625015631,LR - BayesianRidge
1705,247,4,LR,BayesianRidge,0.3,14.750009668864887,LR - BayesianRidge
1706,248,4,LR,BayesianRidge,0.5,14.750009668864887,LR - BayesianRidge
1707,249,4,LR,BayesianRidge,30.0,24.313709397329998,LR - BayesianRidge
1708,250,4,LR,BayesianRidge,100.0,91.07789740828267,LR - BayesianRidge
1709,251,4,LR,BayesianRidge,100.0,79.0280557285156,LR - BayesianRidge
1710,252,4,LR,BayesianRidge,100.0,78.74821075072487,LR - BayesianRidge
1711,305,4,LR,BayesianRidge,10.0,5.037819294517867,LR - BayesianRidge
1712,306,4,LR,BayesianRidge,70.0,16.57538651896617,LR - BayesianRidge
1713,307,4,LR,BayesianRidge,100.0,90.86364191057454,LR - BayesianRidge
1714,308,4,LR,BayesianRidge,100.0,65.47154792159168,LR - BayesianRidge
1715,342,4,LR,BayesianRidge,5.0,6.144295582410706,LR - BayesianRidge
1716,371,4,LR,BayesianRidge,2.0,-11.709818211646294,LR - BayesianRidge
1717,372,4,LR,BayesianRidge,20.0,44.99083274875459,LR - BayesianRidge
1718,391,4,LR,BayesianRidge,2.0,-5.127349375059289,LR - BayesianRidge
1719,392,4,LR,BayesianRidge,2.0,32.95668876304043,LR - BayesianRidge
1720,414,4,LR,BayesianRidge,20.0,15.935044719632803,LR - BayesianRidge
1721,415,4,LR,BayesianRidge,20.0,21.35860843504669,LR - BayesianRidge
1722,419,4,LR,BayesianRidge,5.0,6.876405701345462,LR - BayesianRidge
1723,420,4,LR,BayesianRidge,1.0,26.28303751375419,LR - BayesianRidge
1724,421,4,LR,BayesianRidge,5.0,39.68601521480171,LR - BayesianRidge
1725,53,4,SR,Ridge,50.0,35.49417490520692,SR - Ridge
1726,62,4,SR,Ridge,1.0,9.760263326713115,SR - Ridge
1727,63,4,SR,Ridge,50.0,23.870358012522484,SR - Ridge
1728,69,4,SR,Ridge,0.0,-11.560352952626232,SR - Ridge
1729,70,4,SR,Ridge,1.0,-11.560352952626232,SR - Ridge
1730,71,4,SR,Ridge,2.0,31.121370249184963,SR - Ridge
1731,74,4,SR,Ridge,15.0,18.648391597247993,SR - Ridge
1732,79,4,SR,Ridge,1.0,6.119343842349913,SR - Ridge
1733,80,4,SR,Ridge,1.0,12.642767220650853,SR - Ridge
1734,81,4,SR,Ridge,3.0,41.895446032014235,SR - Ridge
1735,82,4,SR,Ridge,70.0,54.39949325736149,SR - Ridge
1736,90,4,SR,Ridge,10.0,44.01998255168768,SR - Ridge
1737,91,4,SR,Ridge,30.0,82.1293986481364,SR - Ridge
1738,92,4,SR,Ridge,5.0,22.9578761653635,SR - Ridge
1739,95,4,SR,Ridge,3.0,62.21184729061746,SR - Ridge
1740,96,4,SR,Ridge,5.0,60.538649298958475,SR - Ridge
1741,97,4,SR,Ridge,70.0,116.82958006347366,SR - Ridge
1742,109,4,SR,Ridge,70.0,81.77399652681754,SR - Ridge
1743,113,4,SR,Ridge,3.0,9.116994465996648,SR - Ridge
1744,114,4,SR,Ridge,5.0,10.902899258821751,SR - Ridge
1745,115,4,SR,Ridge,7.0,11.94876579242516,SR - Ridge
1746,116,4,SR,Ridge,20.0,15.290599405343283,SR - Ridge
1747,118,4,SR,Ridge,3.0,47.809704039538886,SR - Ridge
1748,119,4,SR,Ridge,5.0,41.59785646047858,SR - Ridge
1749,120,4,SR,Ridge,70.0,85.01098113450453,SR - Ridge
1750,135,4,SR,Ridge,5.0,8.709617522426484,SR - Ridge
1751,136,4,SR,Ridge,50.0,55.27622427920834,SR - Ridge
1752,205,4,SR,Ridge,1.0,10.49059054561117,SR - Ridge
1753,206,4,SR,Ridge,5.0,15.2778689490627,SR - Ridge
1754,207,4,SR,Ridge,5.0,35.88509737472985,SR - Ridge
1755,208,4,SR,Ridge,80.0,72.11794220600788,SR - Ridge
1756,209,4,SR,Ridge,80.0,79.47105941452125,SR - Ridge
1757,210,4,SR,Ridge,80.0,87.29858163828843,SR - Ridge
1758,211,4,SR,Ridge,80.0,67.66881425217889,SR - Ridge
1759,212,4,SR,Ridge,80.0,67.49064299387045,SR - Ridge
1760,213,4,SR,Ridge,80.0,78.73070168858206,SR - Ridge
1761,214,4,SR,Ridge,80.0,82.1497695546494,SR - Ridge
1762,215,4,SR,Ridge,80.0,79.42966945059698,SR - Ridge
1763,216,4,SR,Ridge,10.0,50.45124134612321,SR - Ridge
1764,217,4,SR,Ridge,30.0,31.54028385637016,SR - Ridge
1765,218,4,SR,Ridge,30.0,34.454373616746715,SR - Ridge
1766,219,4,SR,Ridge,100.0,50.30900030297913,SR - Ridge
1767,220,4,SR,Ridge,100.0,50.972072013320336,SR - Ridge
1768,224,4,SR,Ridge,1.0,18.344106109576703,SR - Ridge
1769,225,4,SR,Ridge,15.0,18.344106109576703,SR - Ridge
1770,226,4,SR,Ridge,30.0,24.808494276662003,SR - Ridge
1771,227,4,SR,Ridge,90.0,87.10015353419706,SR - Ridge
1772,228,4,SR,Ridge,100.0,87.98926246013173,SR - Ridge
1773,229,4,SR,Ridge,100.0,75.19466721954774,SR - Ridge
1774,247,4,SR,Ridge,0.3,27.2254241126992,SR - Ridge
1775,248,4,SR,Ridge,0.5,27.2254241126992,SR - Ridge
1776,249,4,SR,Ridge,30.0,39.74281918602988,SR - Ridge
1777,250,4,SR,Ridge,100.0,94.07058041969722,SR - Ridge
1778,251,4,SR,Ridge,100.0,77.38262037311418,SR - Ridge
1779,252,4,SR,Ridge,100.0,77.60826374418036,SR - Ridge
1780,305,4,SR,Ridge,10.0,7.464794150067611,SR - Ridge
1781,306,4,SR,Ridge,70.0,19.631984281000847,SR - Ridge
1782,307,4,SR,Ridge,100.0,91.65328341105638,SR - Ridge
1783,308,4,SR,Ridge,100.0,72.50929069345611,SR - Ridge
1784,342,4,SR,Ridge,5.0,2.8130395225215494,SR - Ridge
1785,371,4,SR,Ridge,2.0,-22.417412977480218,SR - Ridge
1786,372,4,SR,Ridge,20.0,44.959320105285386,SR - Ridge
1787,391,4,SR,Ridge,2.0,-8.375809238283288,SR - Ridge
1788,392,4,SR,Ridge,2.0,42.4435375676029,SR - Ridge
1789,414,4,SR,Ridge,20.0,11.835615847467906,SR - Ridge
1790,415,4,SR,Ridge,20.0,21.640722445194783,SR - Ridge
1791,419,4,SR,Ridge,5.0,10.787743360077627,SR - Ridge
1792,420,4,SR,Ridge,1.0,13.241417600084123,SR - Ridge
1793,421,4,SR,Ridge,5.0,43.661856951262926,SR - Ridge
1794,53,4,SR,ElasticNet,50.0,36.056570853064585,SR - ElasticNet
1795,62,4,SR,ElasticNet,1.0,10.091633134406372,SR - ElasticNet
1796,63,4,SR,ElasticNet,50.0,24.18730948551321,SR - ElasticNet
1797,69,4,SR,ElasticNet,0.0,-11.020641549189925,SR - ElasticNet
1798,70,4,SR,ElasticNet,1.0,-11.020641549189925,SR - ElasticNet
1799,71,4,SR,ElasticNet,2.0,31.92792138366937,SR - ElasticNet
1800,74,4,SR,ElasticNet,15.0,20.728027098166528,SR - ElasticNet
1801,79,4,SR,ElasticNet,1.0,4.651834904509606,SR - ElasticNet
1802,80,4,SR,ElasticNet,1.0,11.241302218038363,SR - ElasticNet
1803,81,4,SR,ElasticNet,3.0,41.92047683109175,SR - ElasticNet
1804,82,4,SR,ElasticNet,70.0,53.95373268904615,SR - ElasticNet
1805,90,4,SR,ElasticNet,10.0,43.8349540077123,SR - ElasticNet
1806,91,4,SR,ElasticNet,30.0,81.64472131173135,SR - ElasticNet
1807,92,4,SR,ElasticNet,5.0,23.52994872475079,SR - ElasticNet
1808,95,4,SR,ElasticNet,3.0,56.497376414569125,SR - ElasticNet
1809,96,4,SR,ElasticNet,5.0,55.90282522171605,SR - ElasticNet
1810,97,4,SR,ElasticNet,70.0,111.70690698775839,SR - ElasticNet
1811,109,4,SR,ElasticNet,70.0,82.84441532200853,SR - ElasticNet
1812,113,4,SR,ElasticNet,3.0,9.350656941543285,SR - ElasticNet
1813,114,4,SR,ElasticNet,5.0,11.588520273336464,SR - ElasticNet
1814,115,4,SR,ElasticNet,7.0,12.764058239810623,SR - ElasticNet
1815,116,4,SR,ElasticNet,20.0,15.249985713454471,SR - ElasticNet
1816,118,4,SR,ElasticNet,3.0,45.72293666392099,SR - ElasticNet
1817,119,4,SR,ElasticNet,5.0,39.85253334095591,SR - ElasticNet
1818,120,4,SR,ElasticNet,70.0,82.98200132382564,SR - ElasticNet
1819,135,4,SR,ElasticNet,5.0,8.08112811639715,SR - ElasticNet
1820,136,4,SR,ElasticNet,50.0,53.13158662386557,SR - ElasticNet
1821,205,4,SR,ElasticNet,1.0,9.426668390063526,SR - ElasticNet
1822,206,4,SR,ElasticNet,5.0,13.766465842230453,SR - ElasticNet
1823,207,4,SR,ElasticNet,5.0,34.100152822637796,SR - ElasticNet
1824,208,4,SR,ElasticNet,80.0,69.82837853324418,SR - ElasticNet
1825,209,4,SR,ElasticNet,80.0,77.72293452742217,SR - ElasticNet
1826,210,4,SR,ElasticNet,80.0,85.92463971011279,SR - ElasticNet
1827,211,4,SR,ElasticNet,80.0,64.59989183103153,SR - ElasticNet
1828,212,4,SR,ElasticNet,80.0,65.5982455185332,SR - ElasticNet
1829,213,4,SR,ElasticNet,80.0,78.04641218978153,SR - ElasticNet
1830,214,4,SR,ElasticNet,80.0,82.53653378430033,SR - ElasticNet
1831,215,4,SR,ElasticNet,80.0,79.32338256368335,SR - ElasticNet
1832,216,4,SR,ElasticNet,10.0,45.15719812683141,SR - ElasticNet
1833,217,4,SR,ElasticNet,30.0,27.413916396091267,SR - ElasticNet
1834,218,4,SR,ElasticNet,30.0,31.316007097103263,SR - ElasticNet
1835,219,4,SR,ElasticNet,100.0,46.69294999555103,SR - ElasticNet
1836,220,4,SR,ElasticNet,100.0,47.6308722620576,SR - ElasticNet
1837,224,4,SR,ElasticNet,1.0,18.608870771366224,SR - ElasticNet
1838,225,4,SR,ElasticNet,15.0,18.608870771366224,SR - ElasticNet
1839,226,4,SR,ElasticNet,30.0,24.81567003385779,SR - ElasticNet
1840,227,4,SR,ElasticNet,90.0,86.14274865117855,SR - ElasticNet
1841,228,4,SR,ElasticNet,100.0,88.17904161434481,SR - ElasticNet
1842,229,4,SR,ElasticNet,100.0,73.75841611460822,SR - ElasticNet
1843,247,4,SR,ElasticNet,0.3,24.610542968072544,SR - ElasticNet
1844,248,4,SR,ElasticNet,0.5,24.610542968072544,SR - ElasticNet
1845,249,4,SR,ElasticNet,30.0,36.511669779362,SR - ElasticNet
1846,250,4,SR,ElasticNet,100.0,93.60825574942533,SR - ElasticNet
1847,251,4,SR,ElasticNet,100.0,78.66177167108107,SR - ElasticNet
1848,252,4,SR,ElasticNet,100.0,78.10686671333414,SR - ElasticNet
1849,305,4,SR,ElasticNet,10.0,6.051377190792536,SR - ElasticNet
1850,306,4,SR,ElasticNet,70.0,17.91065868009072,SR - ElasticNet
1851,307,4,SR,ElasticNet,100.0,90.6519564111455,SR - ElasticNet
1852,308,4,SR,ElasticNet,100.0,71.47527898456374,SR - ElasticNet
1853,342,4,SR,ElasticNet,5.0,1.7813859135274654,SR - ElasticNet
1854,371,4,SR,ElasticNet,2.0,-22.828057579067412,SR - ElasticNet
1855,372,4,SR,ElasticNet,20.0,44.64653592454407,SR - ElasticNet
1856,391,4,SR,ElasticNet,2.0,-8.45272284063099,SR - ElasticNet
1857,392,4,SR,ElasticNet,2.0,42.4461612895805,SR - ElasticNet
1858,414,4,SR,ElasticNet,20.0,13.237538780739637,SR - ElasticNet
1859,415,4,SR,ElasticNet,20.0,22.509860862986763,SR - ElasticNet
1860,419,4,SR,ElasticNet,5.0,9.72131529371201,SR - ElasticNet
1861,420,4,SR,ElasticNet,1.0,16.951679060952877,SR - ElasticNet
1862,421,4,SR,ElasticNet,5.0,42.61977782469532,SR - ElasticNet
1863,53,4,SR,BayesianRidge,50.0,36.462494288757604,SR - BayesianRidge
1864,62,4,SR,BayesianRidge,1.0,10.451431788986298,SR - BayesianRidge
1865,63,4,SR,BayesianRidge,50.0,24.424004512027725,SR - BayesianRidge
1866,69,4,SR,BayesianRidge,0.0,-10.674796669925861,SR - BayesianRidge
1867,70,4,SR,BayesianRidge,1.0,-10.674796669925861,SR - BayesianRidge
1868,71,4,SR,BayesianRidge,2.0,32.30093883805891,SR - BayesianRidge
1869,74,4,SR,BayesianRidge,15.0,21.89973155927558,SR - BayesianRidge
1870,79,4,SR,BayesianRidge,1.0,4.003369202789862,SR - BayesianRidge
1871,80,4,SR,BayesianRidge,1.0,10.745510513312446,SR - BayesianRidge
1872,81,4,SR,BayesianRidge,3.0,42.040995376925515,SR - BayesianRidge
1873,82,4,SR,BayesianRidge,70.0,53.76192610491155,SR - BayesianRidge
1874,90,4,SR,BayesianRidge,10.0,43.44072653607625,SR - BayesianRidge
1875,91,4,SR,BayesianRidge,30.0,81.1142254949996,SR - BayesianRidge
1876,92,4,SR,BayesianRidge,5.0,23.7819420462327,SR - BayesianRidge
1877,95,4,SR,BayesianRidge,3.0,52.96831792251668,SR - BayesianRidge
1878,96,4,SR,BayesianRidge,5.0,53.17947868789804,SR - BayesianRidge
1879,97,4,SR,BayesianRidge,70.0,108.88061082038956,SR - BayesianRidge
1880,109,4,SR,BayesianRidge,70.0,83.34599198647987,SR - BayesianRidge
1881,113,4,SR,BayesianRidge,3.0,9.402518882163843,SR - BayesianRidge
1882,114,4,SR,BayesianRidge,5.0,11.925786987018036,SR - BayesianRidge
1883,115,4,SR,BayesianRidge,7.0,13.197430589736921,SR - BayesianRidge
1884,116,4,SR,BayesianRidge,20.0,15.150771247277266,SR - BayesianRidge
1885,118,4,SR,BayesianRidge,3.0,44.27615193227357,SR - BayesianRidge
1886,119,4,SR,BayesianRidge,5.0,38.77691551297884,SR - BayesianRidge
1887,120,4,SR,BayesianRidge,70.0,81.79114881366257,SR - BayesianRidge
1888,135,4,SR,BayesianRidge,5.0,7.898743300263668,SR - BayesianRidge
1889,136,4,SR,BayesianRidge,50.0,52.05460216309554,SR - BayesianRidge
1890,205,4,SR,BayesianRidge,1.0,8.645716157380079,SR - BayesianRidge
1891,206,4,SR,BayesianRidge,5.0,12.745039352450256,SR - BayesianRidge
1892,207,4,SR,BayesianRidge,5.0,32.864752015005365,SR - BayesianRidge
1893,208,4,SR,BayesianRidge,80.0,68.15206684137014,SR - BayesianRidge
1894,209,4,SR,BayesianRidge,80.0,76.4269652345471,SR - BayesianRidge
1895,210,4,SR,BayesianRidge,80.0,84.90277577901885,SR - BayesianRidge
1896,211,4,SR,BayesianRidge,80.0,62.45746294613254,SR - BayesianRidge
1897,212,4,SR,BayesianRidge,80.0,64.15429261510388,SR - BayesianRidge
1898,213,4,SR,BayesianRidge,80.0,77.29315596184944,SR - BayesianRidge
1899,214,4,SR,BayesianRidge,80.0,82.38635052313836,SR - BayesianRidge
1900,215,4,SR,BayesianRidge,80.0,78.94761877885963,SR - BayesianRidge
1901,216,4,SR,BayesianRidge,10.0,42.33979910573929,SR - BayesianRidge
1902,217,4,SR,BayesianRidge,30.0,25.219299100422568,SR - BayesianRidge
1903,218,4,SR,BayesianRidge,30.0,29.67484319493737,SR - BayesianRidge
1904,219,4,SR,BayesianRidge,100.0,45.00935502401927,SR - BayesianRidge
1905,220,4,SR,BayesianRidge,100.0,46.008168134906825,SR - BayesianRidge
1906,224,4,SR,BayesianRidge,1.0,18.79403571200145,SR - BayesianRidge
1907,225,4,SR,BayesianRidge,15.0,18.79403571200145,SR - BayesianRidge
1908,226,4,SR,BayesianRidge,30.0,24.949688591100266,SR - BayesianRidge
1909,227,4,SR,BayesianRidge,90.0,85.64374655854515,SR - BayesianRidge
1910,228,4,SR,BayesianRidge,100.0,87.9643037961406,SR - BayesianRidge
1911,229,4,SR,BayesianRidge,100.0,72.96093987220642,SR - BayesianRidge
1912,247,4,SR,BayesianRidge,0.3,23.061883598161078,SR - BayesianRidge
1913,248,4,SR,BayesianRidge,0.5,23.061883598161078,SR - BayesianRidge
1914,249,4,SR,BayesianRidge,30.0,34.62706163525257,SR - BayesianRidge
1915,250,4,SR,BayesianRidge,100.0,93.10314114588658,SR - BayesianRidge
1916,251,4,SR,BayesianRidge,100.0,79.18198793868152,SR - BayesianRidge
1917,252,4,SR,BayesianRidge,100.0,78.20228275317578,SR - BayesianRidge
1918,305,4,SR,BayesianRidge,10.0,5.0756848141342275,SR - BayesianRidge
1919,306,4,SR,BayesianRidge,70.0,16.781213635027296,SR - BayesianRidge
1920,307,4,SR,BayesianRidge,100.0,90.13606443064637,SR - BayesianRidge
1921,308,4,SR,BayesianRidge,100.0,70.78237988973243,SR - BayesianRidge
1922,342,4,SR,BayesianRidge,5.0,1.5241947446781907,SR - BayesianRidge
1923,371,4,SR,BayesianRidge,2.0,-22.919637368413767,SR - BayesianRidge
1924,372,4,SR,BayesianRidge,20.0,44.444235434439236,SR - BayesianRidge
1925,391,4,SR,BayesianRidge,2.0,-8.063700616033529,SR - BayesianRidge
1926,392,4,SR,BayesianRidge,2.0,42.5786698875105,SR - BayesianRidge
1927,414,4,SR,BayesianRidge,20.0,14.015532519161333,SR - BayesianRidge
1928,415,4,SR,BayesianRidge,20.0,23.03695514318887,SR - BayesianRidge
1929,419,4,SR,BayesianRidge,5.0,8.763300111971873,SR - BayesianRidge
1930,420,4,SR,BayesianRidge,1.0,18.927358240595662,SR - BayesianRidge
1931,421,4,SR,BayesianRidge,5.0,41.84192277424317,SR - BayesianRidge
1932,0,5,LR,Ridge,0.0,18.38615397019343,LR - Ridge
1933,1,5,LR,Ridge,0.0,10.158974650308842,LR - Ridge
1934,2,5,LR,Ridge,1.0,-9.34770283841025,LR - Ridge
1935,3,5,LR,Ridge,10.0,-9.131378767803618,LR - Ridge
1936,4,5,LR,Ridge,15.0,-7.046048595521775,LR - Ridge
1937,5,5,LR,Ridge,15.0,10.199093248796167,LR - Ridge
1938,6,5,LR,Ridge,15.0,9.956763701765063,LR - Ridge
1939,7,5,LR,Ridge,40.0,16.08532201589139,LR - Ridge
1940,22,5,LR,Ridge,1.0,21.932678851618896,LR - Ridge
1941,23,5,LR,Ridge,3.0,4.132219595004756,LR - Ridge
1942,24,5,LR,Ridge,15.0,32.86236962716472,LR - Ridge
1943,25,5,LR,Ridge,30.0,58.398811498373675,LR - Ridge
1944,26,5,LR,Ridge,30.0,48.51278267543575,LR - Ridge
1945,27,5,LR,Ridge,30.0,55.64136251563331,LR - Ridge
1946,28,5,LR,Ridge,60.0,71.1781504069654,LR - Ridge
1947,50,5,LR,Ridge,15.0,43.079843501431284,LR - Ridge
1948,51,5,LR,Ridge,15.0,39.11382987134334,LR - Ridge
1949,67,5,LR,Ridge,60.0,76.81856619156122,LR - Ridge
1950,72,5,LR,Ridge,50.0,25.85469602091865,LR - Ridge
1951,73,5,LR,Ridge,60.0,48.49685278283545,LR - Ridge
1952,112,5,LR,Ridge,75.0,49.458899851510054,LR - Ridge
1953,122,5,LR,Ridge,0.0,21.820459163954034,LR - Ridge
1954,123,5,LR,Ridge,0.0,18.587127166004258,LR - Ridge
1955,124,5,LR,Ridge,1.0,10.656586398663926,LR - Ridge
1956,125,5,LR,Ridge,1.0,12.783809572019365,LR - Ridge
1957,126,5,LR,Ridge,1.0,28.2843090005802,LR - Ridge
1958,127,5,LR,Ridge,2.0,40.928979675198754,LR - Ridge
1959,128,5,LR,Ridge,2.0,65.392904929744,LR - Ridge
1960,129,5,LR,Ridge,10.0,71.0444721716398,LR - Ridge
1961,130,5,LR,Ridge,10.0,70.90084255139078,LR - Ridge
1962,134,5,LR,Ridge,20.0,21.116737078280764,LR - Ridge
1963,137,5,LR,Ridge,5.0,-26.617019400234547,LR - Ridge
1964,138,5,LR,Ridge,2.0,22.172479809611804,LR - Ridge
1965,139,5,LR,Ridge,10.0,22.61776891386193,LR - Ridge
1966,140,5,LR,Ridge,15.0,35.92856458490549,LR - Ridge
1967,141,5,LR,Ridge,20.0,44.209245023693995,LR - Ridge
1968,142,5,LR,Ridge,30.0,50.13999296898576,LR - Ridge
1969,143,5,LR,Ridge,30.0,64.1807180889179,LR - Ridge
1970,144,5,LR,Ridge,35.0,78.07580234086886,LR - Ridge
1971,145,5,LR,Ridge,35.0,63.43173361569171,LR - Ridge
1972,146,5,LR,Ridge,35.0,65.10675683813719,LR - Ridge
1973,147,5,LR,Ridge,35.0,66.08451888947499,LR - Ridge
1974,148,5,LR,Ridge,40.0,77.80524915374457,LR - Ridge
1975,149,5,LR,Ridge,40.0,76.93258863120388,LR - Ridge
1976,150,5,LR,Ridge,40.0,66.63686488892316,LR - Ridge
1977,152,5,LR,Ridge,20.0,25.966483665432,LR - Ridge
1978,153,5,LR,Ridge,20.0,56.527257240223946,LR - Ridge
1979,154,5,LR,Ridge,20.0,62.49205314546288,LR - Ridge
1980,155,5,LR,Ridge,50.0,85.56299937981018,LR - Ridge
1981,156,5,LR,Ridge,50.0,96.3560939340133,LR - Ridge
1982,157,5,LR,Ridge,50.0,88.92614511677485,LR - Ridge
1983,158,5,LR,Ridge,100.0,66.96345108239683,LR - Ridge
1984,159,5,LR,Ridge,55.0,68.40973559909241,LR - Ridge
1985,160,5,LR,Ridge,55.0,86.69546365326647,LR - Ridge
1986,161,5,LR,Ridge,85.0,93.98080237652587,LR - Ridge
1987,166,5,LR,Ridge,5.0,12.905528155722038,LR - Ridge
1988,167,5,LR,Ridge,10.0,7.071819254405234,LR - Ridge
1989,168,5,LR,Ridge,25.0,26.773282160407323,LR - Ridge
1990,169,5,LR,Ridge,60.0,61.54536743587306,LR - Ridge
1991,170,5,LR,Ridge,60.0,83.65834999851559,LR - Ridge
1992,171,5,LR,Ridge,100.0,81.57956880733826,LR - Ridge
1993,172,5,LR,Ridge,100.0,85.53569266189001,LR - Ridge
1994,173,5,LR,Ridge,100.0,87.66407942482772,LR - Ridge
1995,199,5,LR,Ridge,6.0,18.38581683766846,LR - Ridge
1996,200,5,LR,Ridge,10.0,17.236379046174115,LR - Ridge
1997,201,5,LR,Ridge,20.0,16.77701687024539,LR - Ridge
1998,202,5,LR,Ridge,40.0,3.1356376998002844,LR - Ridge
1999,203,5,LR,Ridge,45.0,42.74206689556934,LR - Ridge
2000,204,5,LR,Ridge,45.0,49.593082201025254,LR - Ridge
2001,326,5,LR,Ridge,15.0,4.661773037625224,LR - Ridge
2002,327,5,LR,Ridge,15.0,9.18076552345439,LR - Ridge
2003,328,5,LR,Ridge,80.0,21.904298670166874,LR - Ridge
2004,329,5,LR,Ridge,80.0,45.557969185501285,LR - Ridge
2005,330,5,LR,Ridge,90.0,77.04303603565043,LR - Ridge
2006,331,5,LR,Ridge,100.0,80.82628189711026,LR - Ridge
2007,332,5,LR,Ridge,100.0,87.63574487936887,LR - Ridge
2008,333,5,LR,Ridge,100.0,81.82270403223106,LR - Ridge
2009,334,5,LR,Ridge,100.0,78.42140420618637,LR - Ridge
2010,335,5,LR,Ridge,100.0,81.93580979799643,LR - Ridge
2011,336,5,LR,Ridge,100.0,77.46848150897542,LR - Ridge
2012,337,5,LR,Ridge,100.0,72.68983729930578,LR - Ridge
2013,343,5,LR,Ridge,3.0,-9.23368867004369,LR - Ridge
2014,344,5,LR,Ridge,4.0,-11.85476808933344,LR - Ridge
2015,345,5,LR,Ridge,5.0,-12.021531513995669,LR - Ridge
2016,373,5,LR,Ridge,5.0,-24.416649706574084,LR - Ridge
2017,374,5,LR,Ridge,15.0,-4.697597964139604,LR - Ridge
2018,375,5,LR,Ridge,25.0,-2.0976195803557616,LR - Ridge
2019,376,5,LR,Ridge,2.0,21.867862557825752,LR - Ridge
2020,377,5,LR,Ridge,20.0,31.884168065710934,LR - Ridge
2021,378,5,LR,Ridge,100.0,36.36609523002157,LR - Ridge
2022,379,5,LR,Ridge,100.0,33.691118194843625,LR - Ridge
2023,384,5,LR,Ridge,20.0,36.79733368181664,LR - Ridge
2024,385,5,LR,Ridge,3.0,-0.8608702124947811,LR - Ridge
2025,386,5,LR,Ridge,30.0,20.800140797843717,LR - Ridge
2026,390,5,LR,Ridge,40.0,0.6083286490721846,LR - Ridge
2027,393,5,LR,Ridge,0.0,-14.97641716055113,LR - Ridge
2028,394,5,LR,Ridge,1.0,3.8379553101101394,LR - Ridge
2029,395,5,LR,Ridge,1.0,3.74182493478299,LR - Ridge
2030,396,5,LR,Ridge,1.0,-11.542302979640517,LR - Ridge
2031,410,5,LR,Ridge,1.0,52.84050961276588,LR - Ridge
2032,411,5,LR,Ridge,5.0,36.97018016600878,LR - Ridge
2033,412,5,LR,Ridge,0.02,16.51182695559153,LR - Ridge
2034,413,5,LR,Ridge,1.5,9.585574839890548,LR - Ridge
2035,0,5,LR,ElasticNet,0.0,21.167807061061517,LR - ElasticNet
2036,1,5,LR,ElasticNet,0.0,13.245462137537224,LR - ElasticNet
2037,2,5,LR,ElasticNet,1.0,-5.8029337122286435,LR - ElasticNet
2038,3,5,LR,ElasticNet,10.0,-7.3005398526376055,LR - ElasticNet
2039,4,5,LR,ElasticNet,15.0,-6.854891943550612,LR - ElasticNet
2040,5,5,LR,ElasticNet,15.0,9.266720553380534,LR - ElasticNet
2041,6,5,LR,ElasticNet,15.0,9.869773358229907,LR - ElasticNet
2042,7,5,LR,ElasticNet,40.0,14.78797133133423,LR - ElasticNet
2043,22,5,LR,ElasticNet,1.0,22.636552692418064,LR - ElasticNet
2044,23,5,LR,ElasticNet,3.0,5.079910397323388,LR - ElasticNet
2045,24,5,LR,ElasticNet,15.0,32.692193689635374,LR - ElasticNet
2046,25,5,LR,ElasticNet,30.0,57.19251414469205,LR - ElasticNet
2047,26,5,LR,ElasticNet,30.0,47.24190677044934,LR - ElasticNet
2048,27,5,LR,ElasticNet,30.0,54.06850474727871,LR - ElasticNet
2049,28,5,LR,ElasticNet,60.0,69.99460047230002,LR - ElasticNet
2050,50,5,LR,ElasticNet,15.0,41.33934202195934,LR - ElasticNet
2051,51,5,LR,ElasticNet,15.0,39.38043288149825,LR - ElasticNet
2052,67,5,LR,ElasticNet,60.0,80.11904269120163,LR - ElasticNet
2053,72,5,LR,ElasticNet,50.0,26.793203174911223,LR - ElasticNet
2054,73,5,LR,ElasticNet,60.0,48.838228898460116,LR - ElasticNet
2055,112,5,LR,ElasticNet,75.0,49.137760805478536,LR - ElasticNet
2056,122,5,LR,ElasticNet,0.0,22.42706036028371,LR - ElasticNet
2057,123,5,LR,ElasticNet,0.0,18.919328448636268,LR - ElasticNet
2058,124,5,LR,ElasticNet,1.0,10.869050032413945,LR - ElasticNet
2059,125,5,LR,ElasticNet,1.0,13.302187880725352,LR - ElasticNet
2060,126,5,LR,ElasticNet,1.0,28.061208187944487,LR - ElasticNet
2061,127,5,LR,ElasticNet,2.0,41.15548848170117,LR - ElasticNet
2062,128,5,LR,ElasticNet,2.0,65.04455040977734,LR - ElasticNet
2063,129,5,LR,ElasticNet,10.0,71.04372448403308,LR - ElasticNet
2064,130,5,LR,ElasticNet,10.0,70.80851030788008,LR - ElasticNet
2065,134,5,LR,ElasticNet,20.0,20.411905242626048,LR - ElasticNet
2066,137,5,LR,ElasticNet,5.0,-22.832303634248298,LR - ElasticNet
2067,138,5,LR,ElasticNet,2.0,21.006322671969762,LR - ElasticNet
2068,139,5,LR,ElasticNet,10.0,21.838163800461793,LR - ElasticNet
2069,140,5,LR,ElasticNet,15.0,34.45115645383376,LR - ElasticNet
2070,141,5,LR,ElasticNet,20.0,43.19544353533431,LR - ElasticNet
2071,142,5,LR,ElasticNet,30.0,49.39887998185728,LR - ElasticNet
2072,143,5,LR,ElasticNet,30.0,64.07221823383078,LR - ElasticNet
2073,144,5,LR,ElasticNet,35.0,77.11815460389687,LR - ElasticNet
2074,145,5,LR,ElasticNet,35.0,62.119757627129744,LR - ElasticNet
2075,146,5,LR,ElasticNet,35.0,63.69800879860476,LR - ElasticNet
2076,147,5,LR,ElasticNet,35.0,64.6604668395783,LR - ElasticNet
2077,148,5,LR,ElasticNet,40.0,75.22730266172883,LR - ElasticNet
2078,149,5,LR,ElasticNet,40.0,74.26494336371167,LR - ElasticNet
2079,150,5,LR,ElasticNet,40.0,65.25354998458738,LR - ElasticNet
2080,152,5,LR,ElasticNet,20.0,24.290163987784496,LR - ElasticNet
2081,153,5,LR,ElasticNet,20.0,55.01021775450312,LR - ElasticNet
2082,154,5,LR,ElasticNet,20.0,63.259751372644345,LR - ElasticNet
2083,155,5,LR,ElasticNet,50.0,84.91698678124862,LR - ElasticNet
2084,156,5,LR,ElasticNet,50.0,94.80637865582298,LR - ElasticNet
2085,157,5,LR,ElasticNet,50.0,89.60507963833349,LR - ElasticNet
2086,158,5,LR,ElasticNet,100.0,68.34692372935487,LR - ElasticNet
2087,159,5,LR,ElasticNet,55.0,69.14720752956566,LR - ElasticNet
2088,160,5,LR,ElasticNet,55.0,86.901066214828,LR - ElasticNet
2089,161,5,LR,ElasticNet,85.0,96.27398189955494,LR - ElasticNet
2090,166,5,LR,ElasticNet,5.0,13.56966702110154,LR - ElasticNet
2091,167,5,LR,ElasticNet,10.0,9.521962539477489,LR - ElasticNet
2092,168,5,LR,ElasticNet,25.0,29.15960247795234,LR - ElasticNet
2093,169,5,LR,ElasticNet,60.0,61.719963185663616,LR - ElasticNet
2094,170,5,LR,ElasticNet,60.0,83.18134287096035,LR - ElasticNet
2095,171,5,LR,ElasticNet,100.0,81.72734562996237,LR - ElasticNet
2096,172,5,LR,ElasticNet,100.0,85.81442913343948,LR - ElasticNet
2097,173,5,LR,ElasticNet,100.0,87.06555886012706,LR - ElasticNet
2098,199,5,LR,ElasticNet,6.0,17.51752353828603,LR - ElasticNet
2099,200,5,LR,ElasticNet,10.0,16.552968487017523,LR - ElasticNet
2100,201,5,LR,ElasticNet,20.0,16.231003897825985,LR - ElasticNet
2101,202,5,LR,ElasticNet,40.0,1.4029558078234885,LR - ElasticNet
2102,203,5,LR,ElasticNet,45.0,42.25397825018672,LR - ElasticNet
2103,204,5,LR,ElasticNet,45.0,49.823824413505974,LR - ElasticNet
2104,326,5,LR,ElasticNet,15.0,4.905439903818582,LR - ElasticNet
2105,327,5,LR,ElasticNet,15.0,9.980610515953778,LR - ElasticNet
2106,328,5,LR,ElasticNet,80.0,22.265155453570365,LR - ElasticNet
2107,329,5,LR,ElasticNet,80.0,44.681367935579644,LR - ElasticNet
2108,330,5,LR,ElasticNet,90.0,76.16195241216165,LR - ElasticNet
2109,331,5,LR,ElasticNet,100.0,80.94187785700035,LR - ElasticNet
2110,332,5,LR,ElasticNet,100.0,87.20958374017354,LR - ElasticNet
2111,333,5,LR,ElasticNet,100.0,81.8346880330744,LR - ElasticNet
2112,334,5,LR,ElasticNet,100.0,78.65077680865377,LR - ElasticNet
2113,335,5,LR,ElasticNet,100.0,81.64189803385729,LR - ElasticNet
2114,336,5,LR,ElasticNet,100.0,77.4215408632133,LR - ElasticNet
2115,337,5,LR,ElasticNet,100.0,72.90484223572358,LR - ElasticNet
2116,343,5,LR,ElasticNet,3.0,-8.605961555759393,LR - ElasticNet
2117,344,5,LR,ElasticNet,4.0,-11.295518428882424,LR - ElasticNet
2118,345,5,LR,ElasticNet,5.0,-12.199636720738894,LR - ElasticNet
2119,373,5,LR,ElasticNet,5.0,-22.07596733711548,LR - ElasticNet
2120,374,5,LR,ElasticNet,15.0,-3.382912143131634,LR - ElasticNet
2121,375,5,LR,ElasticNet,25.0,-2.4849009795119983,LR - ElasticNet
2122,376,5,LR,ElasticNet,2.0,21.917729055908787,LR - ElasticNet
2123,377,5,LR,ElasticNet,20.0,34.407398261305374,LR - ElasticNet
2124,378,5,LR,ElasticNet,100.0,39.606452403503425,LR - ElasticNet
2125,379,5,LR,ElasticNet,100.0,34.796138319113965,LR - ElasticNet
2126,384,5,LR,ElasticNet,20.0,37.25832690429844,LR - ElasticNet
2127,385,5,LR,ElasticNet,3.0,-0.6090375631922029,LR - ElasticNet
2128,386,5,LR,ElasticNet,30.0,20.71365391876514,LR - ElasticNet
2129,390,5,LR,ElasticNet,40.0,2.218856640562322,LR - ElasticNet
2130,393,5,LR,ElasticNet,0.0,-16.37332335682334,LR - ElasticNet
2131,394,5,LR,ElasticNet,1.0,4.265733784691037,LR - ElasticNet
2132,395,5,LR,ElasticNet,1.0,5.036736619834983,LR - ElasticNet
2133,396,5,LR,ElasticNet,1.0,-10.851811327188663,LR - ElasticNet
2134,410,5,LR,ElasticNet,1.0,50.7922179774054,LR - ElasticNet
2135,411,5,LR,ElasticNet,5.0,35.67416186593919,LR - ElasticNet
2136,412,5,LR,ElasticNet,0.02,15.610082912103106,LR - ElasticNet
2137,413,5,LR,ElasticNet,1.5,9.580793691295504,LR - ElasticNet
2138,0,5,LR,BayesianRidge,0.0,22.672946162952414,LR - BayesianRidge
2139,1,5,LR,BayesianRidge,0.0,14.98656043009538,LR - BayesianRidge
2140,2,5,LR,BayesianRidge,1.0,-3.624048403721524,LR - BayesianRidge
2141,3,5,LR,BayesianRidge,10.0,-6.014456513956937,LR - BayesianRidge
2142,4,5,LR,BayesianRidge,15.0,-6.400735491990638,LR - BayesianRidge
2143,5,5,LR,BayesianRidge,15.0,8.375677559676902,LR - BayesianRidge
2144,6,5,LR,BayesianRidge,15.0,9.892680657516195,LR - BayesianRidge
2145,7,5,LR,BayesianRidge,40.0,14.245542559878217,LR - BayesianRidge
2146,22,5,LR,BayesianRidge,1.0,23.150724607584372,LR - BayesianRidge
2147,23,5,LR,BayesianRidge,3.0,5.750117981724095,LR - BayesianRidge
2148,24,5,LR,BayesianRidge,15.0,32.7584639998223,LR - BayesianRidge
2149,25,5,LR,BayesianRidge,30.0,56.68646687766737,LR - BayesianRidge
2150,26,5,LR,BayesianRidge,30.0,46.64237944236478,LR - BayesianRidge
2151,27,5,LR,BayesianRidge,30.0,53.270923276314406,LR - BayesianRidge
2152,28,5,LR,BayesianRidge,60.0,69.19116233860314,LR - BayesianRidge
2153,50,5,LR,BayesianRidge,15.0,40.905442202571116,LR - BayesianRidge
2154,51,5,LR,BayesianRidge,15.0,39.83020891511185,LR - BayesianRidge
2155,67,5,LR,BayesianRidge,60.0,81.78530090138551,LR - BayesianRidge
2156,72,5,LR,BayesianRidge,50.0,26.96039151464351,LR - BayesianRidge
2157,73,5,LR,BayesianRidge,60.0,48.60022893467797,LR - BayesianRidge
2158,112,5,LR,BayesianRidge,75.0,49.11008193206364,LR - BayesianRidge
2159,122,5,LR,BayesianRidge,0.0,22.28634416499205,LR - BayesianRidge
2160,123,5,LR,BayesianRidge,0.0,18.733729724776264,LR - BayesianRidge
2161,124,5,LR,BayesianRidge,1.0,10.902997343650437,LR - BayesianRidge
2162,125,5,LR,BayesianRidge,1.0,13.631296552715032,LR - BayesianRidge
2163,126,5,LR,BayesianRidge,1.0,27.97067476990227,LR - BayesianRidge
2164,127,5,LR,BayesianRidge,2.0,41.47980368036089,LR - BayesianRidge
2165,128,5,LR,BayesianRidge,2.0,64.97493753121128,LR - BayesianRidge
2166,129,5,LR,BayesianRidge,10.0,71.16255038823451,LR - BayesianRidge
2167,130,5,LR,BayesianRidge,10.0,70.96128108626334,LR - BayesianRidge
2168,134,5,LR,BayesianRidge,20.0,20.110288930941515,LR - BayesianRidge
2169,137,5,LR,BayesianRidge,5.0,-19.503314631826377,LR - BayesianRidge
2170,138,5,LR,BayesianRidge,2.0,20.594471974213082,LR - BayesianRidge
2171,139,5,LR,BayesianRidge,10.0,21.721062043565333,LR - BayesianRidge
2172,140,5,LR,BayesianRidge,15.0,33.867537462033965,LR - BayesianRidge
2173,141,5,LR,BayesianRidge,20.0,42.817504066414486,LR - BayesianRidge
2174,142,5,LR,BayesianRidge,30.0,49.123340199556516,LR - BayesianRidge
2175,143,5,LR,BayesianRidge,30.0,64.02367392919712,LR - BayesianRidge
2176,144,5,LR,BayesianRidge,35.0,76.61982461852605,LR - BayesianRidge
2177,145,5,LR,BayesianRidge,35.0,61.64747906521379,LR - BayesianRidge
2178,146,5,LR,BayesianRidge,35.0,63.23188183703516,LR - BayesianRidge
2179,147,5,LR,BayesianRidge,35.0,64.19756384361116,LR - BayesianRidge
2180,148,5,LR,BayesianRidge,40.0,73.89303897972565,LR - BayesianRidge
2181,149,5,LR,BayesianRidge,40.0,72.78349181050189,LR - BayesianRidge
2182,150,5,LR,BayesianRidge,40.0,64.51092267732369,LR - BayesianRidge
2183,152,5,LR,BayesianRidge,20.0,23.444037926093323,LR - BayesianRidge
2184,153,5,LR,BayesianRidge,20.0,54.445477884914325,LR - BayesianRidge
2185,154,5,LR,BayesianRidge,20.0,63.879976631875756,LR - BayesianRidge
2186,155,5,LR,BayesianRidge,50.0,84.64503129409721,LR - BayesianRidge
2187,156,5,LR,BayesianRidge,50.0,94.32683515762594,LR - BayesianRidge
2188,157,5,LR,BayesianRidge,50.0,90.78352829710963,LR - BayesianRidge
2189,158,5,LR,BayesianRidge,100.0,69.97768423298464,LR - BayesianRidge
2190,159,5,LR,BayesianRidge,55.0,69.58953865661749,LR - BayesianRidge
2191,160,5,LR,BayesianRidge,55.0,86.74466018109477,LR - BayesianRidge
2192,161,5,LR,BayesianRidge,85.0,97.20165142499584,LR - BayesianRidge
2193,166,5,LR,BayesianRidge,5.0,13.770209753872248,LR - BayesianRidge
2194,167,5,LR,BayesianRidge,10.0,10.652321981773483,LR - BayesianRidge
2195,168,5,LR,BayesianRidge,25.0,29.9473912945822,LR - BayesianRidge
2196,169,5,LR,BayesianRidge,60.0,61.43053240769791,LR - BayesianRidge
2197,170,5,LR,BayesianRidge,60.0,82.69539754599606,LR - BayesianRidge
2198,171,5,LR,BayesianRidge,100.0,81.67597247960097,LR - BayesianRidge
2199,172,5,LR,BayesianRidge,100.0,86.15890637725687,LR - BayesianRidge
2200,173,5,LR,BayesianRidge,100.0,86.83361204839504,LR - BayesianRidge
2201,199,5,LR,BayesianRidge,6.0,16.854501111543936,LR - BayesianRidge
2202,200,5,LR,BayesianRidge,10.0,16.060583497315516,LR - BayesianRidge
2203,201,5,LR,BayesianRidge,20.0,16.07722850132531,LR - BayesianRidge
2204,202,5,LR,BayesianRidge,40.0,0.5741481749633408,LR - BayesianRidge
2205,203,5,LR,BayesianRidge,45.0,42.16763616544441,LR - BayesianRidge
2206,204,5,LR,BayesianRidge,45.0,49.864987315980294,LR - BayesianRidge
2207,326,5,LR,BayesianRidge,15.0,4.721557741787258,LR - BayesianRidge
2208,327,5,LR,BayesianRidge,15.0,10.008344000931501,LR - BayesianRidge
2209,328,5,LR,BayesianRidge,80.0,22.066500655188136,LR - BayesianRidge
2210,329,5,LR,BayesianRidge,80.0,43.75594403970703,LR - BayesianRidge
2211,330,5,LR,BayesianRidge,90.0,75.19608347975827,LR - BayesianRidge
2212,331,5,LR,BayesianRidge,100.0,80.55950825840807,LR - BayesianRidge
2213,332,5,LR,BayesianRidge,100.0,86.50426947860305,LR - BayesianRidge
2214,333,5,LR,BayesianRidge,100.0,81.45681904378411,LR - BayesianRidge
2215,334,5,LR,BayesianRidge,100.0,78.42823127994296,LR - BayesianRidge
2216,335,5,LR,BayesianRidge,100.0,81.05051352371174,LR - BayesianRidge
2217,336,5,LR,BayesianRidge,100.0,76.9554112631458,LR - BayesianRidge
2218,337,5,LR,BayesianRidge,100.0,72.54795499479242,LR - BayesianRidge
2219,343,5,LR,BayesianRidge,3.0,-8.05470868939343,LR - BayesianRidge
2220,344,5,LR,BayesianRidge,4.0,-10.685541315549095,LR - BayesianRidge
2221,345,5,LR,BayesianRidge,5.0,-11.987238278361183,LR - BayesianRidge
2222,373,5,LR,BayesianRidge,5.0,-20.53747669790055,LR - BayesianRidge
2223,374,5,LR,BayesianRidge,15.0,-2.7136079356238128,LR - BayesianRidge
2224,375,5,LR,BayesianRidge,25.0,-3.2392285935569163,LR - BayesianRidge
2225,376,5,LR,BayesianRidge,2.0,21.897344546410395,LR - BayesianRidge
2226,377,5,LR,BayesianRidge,20.0,35.76996927999541,LR - BayesianRidge
2227,378,5,LR,BayesianRidge,100.0,41.290439776643254,LR - BayesianRidge
2228,379,5,LR,BayesianRidge,100.0,34.5963324859724,LR - BayesianRidge
2229,384,5,LR,BayesianRidge,20.0,37.83112142068106,LR - BayesianRidge
2230,385,5,LR,BayesianRidge,3.0,-0.6096336580377937,LR - BayesianRidge
2231,386,5,LR,BayesianRidge,30.0,20.87615156074384,LR - BayesianRidge
2232,390,5,LR,BayesianRidge,40.0,3.436571994153489,LR - BayesianRidge
2233,393,5,LR,BayesianRidge,0.0,-16.700579079877123,LR - BayesianRidge
2234,394,5,LR,BayesianRidge,1.0,5.312656802784531,LR - BayesianRidge
2235,395,5,LR,BayesianRidge,1.0,5.40664731996052,LR - BayesianRidge
2236,396,5,LR,BayesianRidge,1.0,-10.212540066498427,LR - BayesianRidge
2237,410,5,LR,BayesianRidge,1.0,49.5226246885508,LR - BayesianRidge
2238,411,5,LR,BayesianRidge,5.0,35.138492880112324,LR - BayesianRidge
2239,412,5,LR,BayesianRidge,0.02,15.551630887144494,LR - BayesianRidge
2240,413,5,LR,BayesianRidge,1.5,10.0348381397351,LR - BayesianRidge
2241,0,5,SR,Ridge,0.0,-18.430977932061474,SR - Ridge
2242,1,5,SR,Ridge,0.0,-19.026785594968935,SR - Ridge
2243,2,5,SR,Ridge,1.0,-21.35760481310286,SR - Ridge
2244,3,5,SR,Ridge,10.0,-15.706649181505433,SR - Ridge
2245,4,5,SR,Ridge,15.0,-11.87534294970802,SR - Ridge
2246,5,5,SR,Ridge,15.0,11.693902382634722,SR - Ridge
2247,6,5,SR,Ridge,15.0,8.67851614765243,SR - Ridge
2248,7,5,SR,Ridge,40.0,27.462466005944904,SR - Ridge
2249,22,5,SR,Ridge,1.0,13.113258763515269,SR - Ridge
2250,23,5,SR,Ridge,3.0,6.249812672314739,SR - Ridge
2251,24,5,SR,Ridge,15.0,33.29066180415346,SR - Ridge
2252,25,5,SR,Ridge,30.0,42.08381265253287,SR - Ridge
2253,26,5,SR,Ridge,30.0,37.39437131216342,SR - Ridge
2254,27,5,SR,Ridge,30.0,38.87215492542966,SR - Ridge
2255,28,5,SR,Ridge,60.0,53.955274094410164,SR - Ridge
2256,50,5,SR,Ridge,15.0,39.70134929601713,SR - Ridge
2257,51,5,SR,Ridge,15.0,22.91483318074579,SR - Ridge
2258,67,5,SR,Ridge,60.0,98.15060779623599,SR - Ridge
2259,72,5,SR,Ridge,50.0,39.49265103301477,SR - Ridge
2260,73,5,SR,Ridge,60.0,51.357574875764584,SR - Ridge
2261,112,5,SR,Ridge,75.0,48.822484720189124,SR - Ridge
2262,122,5,SR,Ridge,0.0,0.5530058619585603,SR - Ridge
2263,123,5,SR,Ridge,0.0,1.9022955302336868,SR - Ridge
2264,124,5,SR,Ridge,1.0,3.4031592607037453,SR - Ridge
2265,125,5,SR,Ridge,1.0,4.456055959353385,SR - Ridge
2266,126,5,SR,Ridge,1.0,20.3605791553315,SR - Ridge
2267,127,5,SR,Ridge,2.0,33.2063690489446,SR - Ridge
2268,128,5,SR,Ridge,2.0,57.59423570682502,SR - Ridge
2269,129,5,SR,Ridge,10.0,57.97612558453092,SR - Ridge
2270,130,5,SR,Ridge,10.0,49.41350791353011,SR - Ridge
2271,134,5,SR,Ridge,20.0,27.78601600713307,SR - Ridge
2272,137,5,SR,Ridge,5.0,-0.8381331611759961,SR - Ridge
2273,138,5,SR,Ridge,2.0,6.842602771727179,SR - Ridge
2274,139,5,SR,Ridge,10.0,10.802542833804456,SR - Ridge
2275,140,5,SR,Ridge,15.0,28.98224618458002,SR - Ridge
2276,141,5,SR,Ridge,20.0,40.275932579225724,SR - Ridge
2277,142,5,SR,Ridge,30.0,45.31388706059223,SR - Ridge
2278,143,5,SR,Ridge,30.0,58.167421562135345,SR - Ridge
2279,144,5,SR,Ridge,35.0,75.39727221693012,SR - Ridge
2280,145,5,SR,Ridge,35.0,70.77032832738792,SR - Ridge
2281,146,5,SR,Ridge,35.0,68.98559298089937,SR - Ridge
2282,147,5,SR,Ridge,35.0,67.2396035559298,SR - Ridge
2283,148,5,SR,Ridge,40.0,76.29057564803455,SR - Ridge
2284,149,5,SR,Ridge,40.0,73.89927956964338,SR - Ridge
2285,150,5,SR,Ridge,40.0,65.75642798532164,SR - Ridge
2286,152,5,SR,Ridge,20.0,16.646159960623166,SR - Ridge
2287,153,5,SR,Ridge,20.0,58.718321754268615,SR - Ridge
2288,154,5,SR,Ridge,20.0,73.60989765945715,SR - Ridge
2289,155,5,SR,Ridge,50.0,95.17751013285456,SR - Ridge
2290,156,5,SR,Ridge,50.0,87.4373919947156,SR - Ridge
2291,157,5,SR,Ridge,50.0,80.64121147755193,SR - Ridge
2292,158,5,SR,Ridge,100.0,67.80176932856943,SR - Ridge
2293,159,5,SR,Ridge,55.0,75.61081159999395,SR - Ridge
2294,160,5,SR,Ridge,55.0,97.34688941879534,SR - Ridge
2295,161,5,SR,Ridge,85.0,106.64427309494084,SR - Ridge
2296,166,5,SR,Ridge,5.0,9.541093611131998,SR - Ridge
2297,167,5,SR,Ridge,10.0,24.075262828931677,SR - Ridge
2298,168,5,SR,Ridge,25.0,40.095575290279164,SR - Ridge
2299,169,5,SR,Ridge,60.0,74.12571102820013,SR - Ridge
2300,170,5,SR,Ridge,60.0,86.94445314465612,SR - Ridge
2301,171,5,SR,Ridge,100.0,82.53157823750777,SR - Ridge
2302,172,5,SR,Ridge,100.0,78.74894105425321,SR - Ridge
2303,173,5,SR,Ridge,100.0,80.37530733004073,SR - Ridge
2304,199,5,SR,Ridge,6.0,5.0457724398667665,SR - Ridge
2305,200,5,SR,Ridge,10.0,7.936475902284776,SR - Ridge
2306,201,5,SR,Ridge,20.0,14.303765841319326,SR - Ridge
2307,202,5,SR,Ridge,40.0,-2.4855398580823547,SR - Ridge
2308,203,5,SR,Ridge,45.0,43.235689332801435,SR - Ridge
2309,204,5,SR,Ridge,45.0,47.972447435973265,SR - Ridge
2310,326,5,SR,Ridge,15.0,10.862969095609085,SR - Ridge
2311,327,5,SR,Ridge,15.0,17.843502277234855,SR - Ridge
2312,328,5,SR,Ridge,80.0,28.087068537409333,SR - Ridge
2313,329,5,SR,Ridge,80.0,50.26309617474979,SR - Ridge
2314,330,5,SR,Ridge,90.0,67.8330347078012,SR - Ridge
2315,331,5,SR,Ridge,100.0,78.05574014115689,SR - Ridge
2316,332,5,SR,Ridge,100.0,86.6244322944226,SR - Ridge
2317,333,5,SR,Ridge,100.0,83.33520763668417,SR - Ridge
2318,334,5,SR,Ridge,100.0,82.03755471304163,SR - Ridge
2319,335,5,SR,Ridge,100.0,92.3766631679552,SR - Ridge
2320,336,5,SR,Ridge,100.0,91.38171749536599,SR - Ridge
2321,337,5,SR,Ridge,100.0,90.39020002700524,SR - Ridge
2322,343,5,SR,Ridge,3.0,-8.502315709293846,SR - Ridge
2323,344,5,SR,Ridge,4.0,-11.531232781840266,SR - Ridge
2324,345,5,SR,Ridge,5.0,-21.894155212629435,SR - Ridge
2325,373,5,SR,Ridge,5.0,23.474339988925568,SR - Ridge
2326,374,5,SR,Ridge,15.0,25.1834283913608,SR - Ridge
2327,375,5,SR,Ridge,25.0,1.3156362600441653,SR - Ridge
2328,376,5,SR,Ridge,2.0,28.49771499990254,SR - Ridge
2329,377,5,SR,Ridge,20.0,50.41682146472769,SR - Ridge
2330,378,5,SR,Ridge,100.0,57.861328150130056,SR - Ridge
2331,379,5,SR,Ridge,100.0,36.108915184082136,SR - Ridge
2332,384,5,SR,Ridge,20.0,39.83757900316556,SR - Ridge
2333,385,5,SR,Ridge,3.0,-6.955294170780803,SR - Ridge
2334,386,5,SR,Ridge,30.0,19.25365658152229,SR - Ridge
2335,390,5,SR,Ridge,40.0,18.301728520885312,SR - Ridge
2336,393,5,SR,Ridge,0.0,-23.410547765068976,SR - Ridge
2337,394,5,SR,Ridge,1.0,9.759206962536545,SR - Ridge
2338,395,5,SR,Ridge,1.0,-0.6049056855340851,SR - Ridge
2339,396,5,SR,Ridge,1.0,-5.482755519456319,SR - Ridge
2340,410,5,SR,Ridge,1.0,45.26852832781708,SR - Ridge
2341,411,5,SR,Ridge,5.0,27.159066725196762,SR - Ridge
2342,412,5,SR,Ridge,0.02,12.630653219197267,SR - Ridge
2343,413,5,SR,Ridge,1.5,9.280998489749983,SR - Ridge
2344,0,5,SR,ElasticNet,0.0,-15.226817425081826,SR - ElasticNet
2345,1,5,SR,ElasticNet,0.0,-15.691656577275964,SR - ElasticNet
2346,2,5,SR,ElasticNet,1.0,-17.966547675583314,SR - ElasticNet
2347,3,5,SR,ElasticNet,10.0,-14.364473507568867,SR - ElasticNet
2348,4,5,SR,ElasticNet,15.0,-11.932004164373957,SR - ElasticNet
2349,5,5,SR,ElasticNet,15.0,11.449958094880898,SR - ElasticNet
2350,6,5,SR,ElasticNet,15.0,9.330387038648354,SR - ElasticNet
2351,7,5,SR,ElasticNet,40.0,26.630468477635496,SR - ElasticNet
2352,22,5,SR,ElasticNet,1.0,14.447464255285816,SR - ElasticNet
2353,23,5,SR,ElasticNet,3.0,7.270253163816712,SR - ElasticNet
2354,24,5,SR,ElasticNet,15.0,33.33481843759652,SR - ElasticNet
2355,25,5,SR,ElasticNet,30.0,41.565686329238105,SR - ElasticNet
2356,26,5,SR,ElasticNet,30.0,36.495305146863906,SR - ElasticNet
2357,27,5,SR,ElasticNet,30.0,38.82400405539342,SR - ElasticNet
2358,28,5,SR,ElasticNet,60.0,54.49156404003452,SR - ElasticNet
2359,50,5,SR,ElasticNet,15.0,39.25848206729736,SR - ElasticNet
2360,51,5,SR,ElasticNet,15.0,24.836666126311734,SR - ElasticNet
2361,67,5,SR,ElasticNet,60.0,99.19065353184035,SR - ElasticNet
2362,72,5,SR,ElasticNet,50.0,39.03488986247308,SR - ElasticNet
2363,73,5,SR,ElasticNet,60.0,51.065474610074745,SR - ElasticNet
2364,112,5,SR,ElasticNet,75.0,48.423657051948126,SR - ElasticNet
2365,122,5,SR,ElasticNet,0.0,1.9300652002603442,SR - ElasticNet
2366,123,5,SR,ElasticNet,0.0,2.4001543055952084,SR - ElasticNet
2367,124,5,SR,ElasticNet,1.0,2.4944778489001465,SR - ElasticNet
2368,125,5,SR,ElasticNet,1.0,4.229734191579375,SR - ElasticNet
2369,126,5,SR,ElasticNet,1.0,19.387006762450703,SR - ElasticNet
2370,127,5,SR,ElasticNet,2.0,33.331471959069916,SR - ElasticNet
2371,128,5,SR,ElasticNet,2.0,57.514842073592305,SR - ElasticNet
2372,129,5,SR,ElasticNet,10.0,58.618335810329526,SR - ElasticNet
2373,130,5,SR,ElasticNet,10.0,50.595026504486135,SR - ElasticNet
2374,134,5,SR,ElasticNet,20.0,25.194524005411573,SR - ElasticNet
2375,137,5,SR,ElasticNet,5.0,2.21286480587532,SR - ElasticNet
2376,138,5,SR,ElasticNet,2.0,5.727889970617483,SR - ElasticNet
2377,139,5,SR,ElasticNet,10.0,10.438234572470684,SR - ElasticNet
2378,140,5,SR,ElasticNet,15.0,27.753480652700063,SR - ElasticNet
2379,141,5,SR,ElasticNet,20.0,39.32856743473635,SR - ElasticNet
2380,142,5,SR,ElasticNet,30.0,44.38560584460968,SR - ElasticNet
2381,143,5,SR,ElasticNet,30.0,57.1918764417389,SR - ElasticNet
2382,144,5,SR,ElasticNet,35.0,73.4879165261088,SR - ElasticNet
2383,145,5,SR,ElasticNet,35.0,68.72568660748927,SR - ElasticNet
2384,146,5,SR,ElasticNet,35.0,67.20706305171092,SR - ElasticNet
2385,147,5,SR,ElasticNet,35.0,65.62443155190925,SR - ElasticNet
2386,148,5,SR,ElasticNet,40.0,73.14991938345474,SR - ElasticNet
2387,149,5,SR,ElasticNet,40.0,70.71018305915553,SR - ElasticNet
2388,150,5,SR,ElasticNet,40.0,63.90138535124672,SR - ElasticNet
2389,152,5,SR,ElasticNet,20.0,16.262095524409588,SR - ElasticNet
2390,153,5,SR,ElasticNet,20.0,58.293008929809716,SR - ElasticNet
2391,154,5,SR,ElasticNet,20.0,74.73343929436047,SR - ElasticNet
2392,155,5,SR,ElasticNet,50.0,95.2008929966274,SR - ElasticNet
2393,156,5,SR,ElasticNet,50.0,87.93047670245797,SR - ElasticNet
2394,157,5,SR,ElasticNet,50.0,83.12183243758729,SR - ElasticNet
2395,158,5,SR,ElasticNet,100.0,69.98990059226853,SR - ElasticNet
2396,159,5,SR,ElasticNet,55.0,75.99029027148163,SR - ElasticNet
2397,160,5,SR,ElasticNet,55.0,97.00059591714691,SR - ElasticNet
2398,161,5,SR,ElasticNet,85.0,108.93144969810089,SR - ElasticNet
2399,166,5,SR,ElasticNet,5.0,11.488818212427944,SR - ElasticNet
2400,167,5,SR,ElasticNet,10.0,25.845076104897007,SR - ElasticNet
2401,168,5,SR,ElasticNet,25.0,43.23689382265189,SR - ElasticNet
2402,169,5,SR,ElasticNet,60.0,75.19206455123489,SR - ElasticNet
2403,170,5,SR,ElasticNet,60.0,87.6740267272771,SR - ElasticNet
2404,171,5,SR,ElasticNet,100.0,83.66905659267806,SR - ElasticNet
2405,172,5,SR,ElasticNet,100.0,80.85574937518899,SR - ElasticNet
2406,173,5,SR,ElasticNet,100.0,81.55780052281388,SR - ElasticNet
2407,199,5,SR,ElasticNet,6.0,5.422076589792887,SR - ElasticNet
2408,200,5,SR,ElasticNet,10.0,8.110642016752585,SR - ElasticNet
2409,201,5,SR,ElasticNet,20.0,14.227110907155172,SR - ElasticNet
2410,202,5,SR,ElasticNet,40.0,-5.4544043645597995,SR - ElasticNet
2411,203,5,SR,ElasticNet,45.0,43.067623304456454,SR - ElasticNet
2412,204,5,SR,ElasticNet,45.0,48.53720021523798,SR - ElasticNet
2413,326,5,SR,ElasticNet,15.0,7.872011308445721,SR - ElasticNet
2414,327,5,SR,ElasticNet,15.0,15.227022903914694,SR - ElasticNet
2415,328,5,SR,ElasticNet,80.0,25.626143404538865,SR - ElasticNet
2416,329,5,SR,ElasticNet,80.0,46.63945557081043,SR - ElasticNet
2417,330,5,SR,ElasticNet,90.0,65.56342455830602,SR - ElasticNet
2418,331,5,SR,ElasticNet,100.0,75.60646229244793,SR - ElasticNet
2419,332,5,SR,ElasticNet,100.0,83.72433725986085,SR - ElasticNet
2420,333,5,SR,ElasticNet,100.0,81.43472880412138,SR - ElasticNet
2421,334,5,SR,ElasticNet,100.0,80.65823221006717,SR - ElasticNet
2422,335,5,SR,ElasticNet,100.0,90.63370947659553,SR - ElasticNet
2423,336,5,SR,ElasticNet,100.0,90.05572451377532,SR - ElasticNet
2424,337,5,SR,ElasticNet,100.0,89.4147145251917,SR - ElasticNet
2425,343,5,SR,ElasticNet,3.0,-6.910893318180591,SR - ElasticNet
2426,344,5,SR,ElasticNet,4.0,-9.79366401666492,SR - ElasticNet
2427,345,5,SR,ElasticNet,5.0,-19.91365776672091,SR - ElasticNet
2428,373,5,SR,ElasticNet,5.0,24.966230362256418,SR - ElasticNet
2429,374,5,SR,ElasticNet,15.0,25.910958168674366,SR - ElasticNet
2430,375,5,SR,ElasticNet,25.0,3.9586629156299864,SR - ElasticNet
2431,376,5,SR,ElasticNet,2.0,27.77735106307336,SR - ElasticNet
2432,377,5,SR,ElasticNet,20.0,51.6160471878219,SR - ElasticNet
2433,378,5,SR,ElasticNet,100.0,59.854447073055134,SR - ElasticNet
2434,379,5,SR,ElasticNet,100.0,36.330864770961185,SR - ElasticNet
2435,384,5,SR,ElasticNet,20.0,40.508462814683284,SR - ElasticNet
2436,385,5,SR,ElasticNet,3.0,-5.551236107961429,SR - ElasticNet
2437,386,5,SR,ElasticNet,30.0,18.802453290933578,SR - ElasticNet
2438,390,5,SR,ElasticNet,40.0,16.736938583972055,SR - ElasticNet
2439,393,5,SR,ElasticNet,0.0,-23.39644688568007,SR - ElasticNet
2440,394,5,SR,ElasticNet,1.0,10.402510771945668,SR - ElasticNet
2441,395,5,SR,ElasticNet,1.0,0.09812465491989997,SR - ElasticNet
2442,396,5,SR,ElasticNet,1.0,-5.7622185689773175,SR - ElasticNet
2443,410,5,SR,ElasticNet,1.0,45.020907497438714,SR - ElasticNet
2444,411,5,SR,ElasticNet,5.0,27.498411847662453,SR - ElasticNet
2445,412,5,SR,ElasticNet,0.02,13.61337522174745,SR - ElasticNet
2446,413,5,SR,ElasticNet,1.5,10.56976488950442,SR - ElasticNet
2447,0,5,SR,BayesianRidge,0.0,-11.821200619109689,SR - BayesianRidge
2448,1,5,SR,BayesianRidge,0.0,-12.001553165712771,SR - BayesianRidge
2449,2,5,SR,BayesianRidge,1.0,-14.112006653366855,SR - BayesianRidge
2450,3,5,SR,BayesianRidge,10.0,-12.91053798904899,SR - BayesianRidge
2451,4,5,SR,BayesianRidge,15.0,-12.13766237132787,SR - BayesianRidge
2452,5,5,SR,BayesianRidge,15.0,10.550741407857807,SR - BayesianRidge
2453,6,5,SR,BayesianRidge,15.0,9.999255519825638,SR - BayesianRidge
2454,7,5,SR,BayesianRidge,40.0,22.957134896353125,SR - BayesianRidge
2455,22,5,SR,BayesianRidge,1.0,15.636332041762643,SR - BayesianRidge
2456,23,5,SR,BayesianRidge,3.0,8.822846188842092,SR - BayesianRidge
2457,24,5,SR,BayesianRidge,15.0,33.257760641817924,SR - BayesianRidge
2458,25,5,SR,BayesianRidge,30.0,41.04269881392062,SR - BayesianRidge
2459,26,5,SR,BayesianRidge,30.0,35.49168000559845,SR - BayesianRidge
2460,27,5,SR,BayesianRidge,30.0,38.64888759229299,SR - BayesianRidge
2461,28,5,SR,BayesianRidge,60.0,55.30424247141907,SR - BayesianRidge
2462,50,5,SR,BayesianRidge,15.0,37.286259995895314,SR - BayesianRidge
2463,51,5,SR,BayesianRidge,15.0,27.541956808705322,SR - BayesianRidge
2464,67,5,SR,BayesianRidge,60.0,104.02218398491789,SR - BayesianRidge
2465,72,5,SR,BayesianRidge,50.0,38.16502105338063,SR - BayesianRidge
2466,73,5,SR,BayesianRidge,60.0,49.94381515762376,SR - BayesianRidge
2467,112,5,SR,BayesianRidge,75.0,48.95379747332259,SR - BayesianRidge
2468,122,5,SR,BayesianRidge,0.0,3.8734532879102446,SR - BayesianRidge
2469,123,5,SR,BayesianRidge,0.0,3.34000437430646,SR - BayesianRidge
2470,124,5,SR,BayesianRidge,1.0,1.888844256395302,SR - BayesianRidge
2471,125,5,SR,BayesianRidge,1.0,4.541593934582302,SR - BayesianRidge
2472,126,5,SR,BayesianRidge,1.0,18.488819895359512,SR - BayesianRidge
2473,127,5,SR,BayesianRidge,2.0,33.606926706538815,SR - BayesianRidge
2474,128,5,SR,BayesianRidge,2.0,57.33005795841032,SR - BayesianRidge
2475,129,5,SR,BayesianRidge,10.0,59.978248133782955,SR - BayesianRidge
2476,130,5,SR,BayesianRidge,10.0,52.99255698011333,SR - BayesianRidge
2477,134,5,SR,BayesianRidge,20.0,22.212562384454102,SR - BayesianRidge
2478,137,5,SR,BayesianRidge,5.0,7.528957574273221,SR - BayesianRidge
2479,138,5,SR,BayesianRidge,2.0,4.851968884881693,SR - BayesianRidge
2480,139,5,SR,BayesianRidge,10.0,10.195624417987695,SR - BayesianRidge
2481,140,5,SR,BayesianRidge,15.0,25.893541262783316,SR - BayesianRidge
2482,141,5,SR,BayesianRidge,20.0,37.887249825963046,SR - BayesianRidge
2483,142,5,SR,BayesianRidge,30.0,43.2181780163968,SR - BayesianRidge
2484,143,5,SR,BayesianRidge,30.0,56.35269683057203,SR - BayesianRidge
2485,144,5,SR,BayesianRidge,35.0,70.99847686525008,SR - BayesianRidge
2486,145,5,SR,BayesianRidge,35.0,65.76443740379041,SR - BayesianRidge
2487,146,5,SR,BayesianRidge,35.0,64.70649677018662,SR - BayesianRidge
2488,147,5,SR,BayesianRidge,35.0,63.366522123670876,SR - BayesianRidge
2489,148,5,SR,BayesianRidge,40.0,68.7122565950833,SR - BayesianRidge
2490,149,5,SR,BayesianRidge,40.0,66.21524022391324,SR - BayesianRidge
2491,150,5,SR,BayesianRidge,40.0,61.299859311104264,SR - BayesianRidge
2492,152,5,SR,BayesianRidge,20.0,15.57281816322871,SR - BayesianRidge
2493,153,5,SR,BayesianRidge,20.0,57.74312935408393,SR - BayesianRidge
2494,154,5,SR,BayesianRidge,20.0,75.05624858458296,SR - BayesianRidge
2495,155,5,SR,BayesianRidge,50.0,94.29761093410615,SR - BayesianRidge
2496,156,5,SR,BayesianRidge,50.0,87.8256023612534,SR - BayesianRidge
2497,157,5,SR,BayesianRidge,50.0,85.56642942902499,SR - BayesianRidge
2498,158,5,SR,BayesianRidge,100.0,72.4858879045533,SR - BayesianRidge
2499,159,5,SR,BayesianRidge,55.0,76.12421841420313,SR - BayesianRidge
2500,160,5,SR,BayesianRidge,55.0,95.63678372837725,SR - BayesianRidge
2501,161,5,SR,BayesianRidge,85.0,110.4545021590067,SR - BayesianRidge
2502,166,5,SR,BayesianRidge,5.0,13.245268707750633,SR - BayesianRidge
2503,167,5,SR,BayesianRidge,10.0,27.62849663638167,SR - BayesianRidge
2504,168,5,SR,BayesianRidge,25.0,46.319532756041355,SR - BayesianRidge
2505,169,5,SR,BayesianRidge,60.0,75.54039853335198,SR - BayesianRidge
2506,170,5,SR,BayesianRidge,60.0,88.01465460757211,SR - BayesianRidge
2507,171,5,SR,BayesianRidge,100.0,84.52837110444173,SR - BayesianRidge
2508,172,5,SR,BayesianRidge,100.0,82.68010439546018,SR - BayesianRidge
2509,173,5,SR,BayesianRidge,100.0,82.17813611974712,SR - BayesianRidge
2510,199,5,SR,BayesianRidge,6.0,7.0992413723382555,SR - BayesianRidge
2511,200,5,SR,BayesianRidge,10.0,9.445482102596014,SR - BayesianRidge
2512,201,5,SR,BayesianRidge,20.0,15.02035352560835,SR - BayesianRidge
2513,202,5,SR,BayesianRidge,40.0,-8.179917394745395,SR - BayesianRidge
2514,203,5,SR,BayesianRidge,45.0,42.354164967061806,SR - BayesianRidge
2515,204,5,SR,BayesianRidge,45.0,48.22206370786764,SR - BayesianRidge
2516,326,5,SR,BayesianRidge,15.0,4.658125114180216,SR - BayesianRidge
2517,327,5,SR,BayesianRidge,15.0,12.515587027393636,SR - BayesianRidge
2518,328,5,SR,BayesianRidge,80.0,22.974460831642176,SR - BayesianRidge
2519,329,5,SR,BayesianRidge,80.0,42.44176964005099,SR - BayesianRidge
2520,330,5,SR,BayesianRidge,90.0,63.40687304981786,SR - BayesianRidge
2521,331,5,SR,BayesianRidge,100.0,72.95712467021484,SR - BayesianRidge
2522,332,5,SR,BayesianRidge,100.0,79.94199243039193,SR - BayesianRidge
2523,333,5,SR,BayesianRidge,100.0,78.47591709182893,SR - BayesianRidge
2524,334,5,SR,BayesianRidge,100.0,78.1085827466149,SR - BayesianRidge
2525,335,5,SR,BayesianRidge,100.0,86.92717452118146,SR - BayesianRidge
2526,336,5,SR,BayesianRidge,100.0,86.73620921441066,SR - BayesianRidge
2527,337,5,SR,BayesianRidge,100.0,86.47827853233758,SR - BayesianRidge
2528,343,5,SR,BayesianRidge,3.0,-5.0022972104619114,SR - BayesianRidge
2529,344,5,SR,BayesianRidge,4.0,-7.666878892859124,SR - BayesianRidge
2530,345,5,SR,BayesianRidge,5.0,-17.144608253290706,SR - BayesianRidge
2531,373,5,SR,BayesianRidge,5.0,25.756039816862923,SR - BayesianRidge
2532,374,5,SR,BayesianRidge,15.0,26.10408484169536,SR - BayesianRidge
2533,375,5,SR,BayesianRidge,25.0,6.055297640995185,SR - BayesianRidge
2534,376,5,SR,BayesianRidge,2.0,28.513201834174474,SR - BayesianRidge
2535,377,5,SR,BayesianRidge,20.0,53.437635792434605,SR - BayesianRidge
2536,378,5,SR,BayesianRidge,100.0,62.386440806540094,SR - BayesianRidge
2537,379,5,SR,BayesianRidge,100.0,36.82833376410754,SR - BayesianRidge
2538,384,5,SR,BayesianRidge,20.0,41.56170908210393,SR - BayesianRidge
2539,385,5,SR,BayesianRidge,3.0,-3.4387423083837376,SR - BayesianRidge
2540,386,5,SR,BayesianRidge,30.0,18.779183548978963,SR - BayesianRidge
2541,390,5,SR,BayesianRidge,40.0,15.330109689705733,SR - BayesianRidge
2542,393,5,SR,BayesianRidge,0.0,-22.531282261805543,SR - BayesianRidge
2543,394,5,SR,BayesianRidge,1.0,12.116351182521129,SR - BayesianRidge
2544,395,5,SR,BayesianRidge,1.0,1.3173830633257992,SR - BayesianRidge
2545,396,5,SR,BayesianRidge,1.0,-6.133210037076289,SR - BayesianRidge
2546,410,5,SR,BayesianRidge,1.0,44.97324558182066,SR - BayesianRidge
2547,411,5,SR,BayesianRidge,5.0,28.462273436377053,SR - BayesianRidge
2548,412,5,SR,BayesianRidge,0.02,13.369765031765816,SR - BayesianRidge
2549,413,5,SR,BayesianRidge,1.5,11.845551186578529,SR - BayesianRidge
